from_stop_id,to_stop_id,from_name,to_name,distance_m,travel_time_s,transport_type
1,2,Gare de Dakar,Colobane,2364.35,85.12,TER
1,3,Gare de Dakar,Hann,5015.31,180.55,TER
1,4,Gare de Dakar,Dalifort,6579.34,236.86,TER
1,5,Gare de Dakar,Baux Maraîchers,7716.14,277.78,TER
1,6,Gare de Dakar,Pikine,9293.89,334.58,TER
1,7,Gare de Dakar,Thiaroye,10835.98,390.1,TER
1,8,Gare de Dakar,Yeumbeul,12863.98,463.1,TER
1,9,Gare de Dakar,Keur Massar,14943.91,537.98,TER
1,10,Gare de Dakar,Mbao,16929.69,609.47,TER
1,11,Gare de Dakar,Rufisque,18125.97,652.53,TER
1,12,Gare de Dakar,Bargny,22160.99,797.8,TER
1,13,Gare de Dakar,Diamniadio,25712.81,925.66,TER
1,14,Gare de Dakar,Petersen,688.43,619.59,WALK
1,50,Gare de Dakar,Musée des Civilisations Noires,149.14,134.23,WALK
1,51,Gare de Dakar,Grand Théâtre National,415.54,373.99,WALK
1,53,Gare de Dakar,Embarcadère Port,704.49,634.04,WALK
2,1,Colobane,Gare de Dakar,2364.35,85.12,TER
2,3,Colobane,Hann,2714.32,97.72,TER
2,4,Colobane,Dalifort,4469.28,160.89,TER
2,5,Colobane,Baux Maraîchers,5860.17,210.97,TER
2,6,Colobane,Pikine,7531.32,271.13,TER
2,7,Colobane,Thiaroye,9142.59,329.13,TER
2,8,Colobane,Yeumbeul,11411.31,410.81,TER
2,9,Colobane,Keur Massar,14207.74,511.48,TER
2,10,Colobane,Mbao,16668.97,600.08,TER
2,11,Colobane,Rufisque,18016.69,648.6,TER
2,12,Colobane,Bargny,22337.07,804.13,TER
2,13,Colobane,Diamniadio,25722.34,926.0,TER
2,65,Colobane,DDD_Arrêt_11,478.36,430.53,WALK
3,1,Hann,Gare de Dakar,5015.31,180.55,TER
3,2,Hann,Colobane,2714.32,97.72,TER
3,4,Hann,Dalifort,1972.14,71.0,TER
3,5,Hann,Baux Maraîchers,3648.72,131.35,TER
3,6,Hann,Pikine,5333.11,191.99,TER
3,7,Hann,Thiaroye,6959.43,250.54,TER
3,8,Hann,Yeumbeul,9438.61,339.79,TER
3,9,Hann,Keur Massar,12982.75,467.38,TER
3,10,Hann,Mbao,15924.12,573.27,TER
3,11,Hann,Rufisque,17414.73,626.93,TER
3,12,Hann,Bargny,21987.75,791.56,TER
3,13,Hann,Diamniadio,25142.82,905.14,TER
3,73,Hann,DDD_Arrêt_19,143.27,128.94,WALK
4,1,Dalifort,Gare de Dakar,6579.34,236.86,TER
4,2,Dalifort,Colobane,4469.28,160.89,TER
4,3,Dalifort,Hann,1972.14,71.0,TER
4,5,Dalifort,Baux Maraîchers,1752.45,63.09,TER
4,6,Dalifort,Pikine,3393.37,122.16,TER
4,7,Dalifort,Thiaroye,5008.76,180.32,TER
4,8,Dalifort,Yeumbeul,7533.01,271.19,TER
4,9,Dalifort,Keur Massar,11377.84,409.6,TER
4,10,Dalifort,Mbao,14550.17,523.81,TER
4,11,Dalifort,Rufisque,16107.97,579.89,TER
4,12,Dalifort,Bargny,20792.35,748.52,TER
4,13,Dalifort,Diamniadio,23794.18,856.59,TER
4,96,Dalifort,DDD_Arrêt_42,401.78,361.6,WALK
4,98,Dalifort,DDD_Arrêt_44,621.16,559.04,WALK
5,1,Baux Maraîchers,Gare de Dakar,7716.14,277.78,TER
5,2,Baux Maraîchers,Colobane,5860.17,210.97,TER
5,3,Baux Maraîchers,Hann,3648.72,131.35,TER
5,4,Baux Maraîchers,Dalifort,1752.45,63.09,TER
5,6,Baux Maraîchers,Pikine,1696.59,61.08,TER
5,7,Baux Maraîchers,Thiaroye,3327.01,119.77,TER
5,8,Baux Maraîchers,Yeumbeul,5795.04,208.62,TER
5,9,Baux Maraîchers,Keur Massar,9696.79,349.08,TER
5,10,Baux Maraîchers,Mbao,12988.19,467.57,TER
5,11,Baux Maraîchers,Rufisque,14581.78,524.94,TER
5,12,Baux Maraîchers,Bargny,19321.76,695.58,TER
5,13,Baux Maraîchers,Diamniadio,22223.21,800.04,TER
5,102,Baux Maraîchers,DDD_Arrêt_48,695.95,626.36,WALK
6,1,Pikine,Gare de Dakar,9293.89,334.58,TER
6,2,Pikine,Colobane,7531.32,271.13,TER
6,3,Pikine,Hann,5333.11,191.99,TER
6,4,Pikine,Dalifort,3393.37,122.16,TER
6,5,Pikine,Baux Maraîchers,1696.59,61.08,TER
6,7,Pikine,Thiaroye,1630.54,58.7,TER
6,8,Pikine,Yeumbeul,4152.35,149.48,TER
6,9,Pikine,Keur Massar,8434.03,303.62,TER
6,10,Pikine,Mbao,11950.88,430.23,TER
6,11,Pikine,Rufisque,13595.83,489.45,TER
6,12,Pikine,Bargny,18400.06,662.4,TER
6,13,Pikine,Diamniadio,21123.52,760.45,TER
6,118,Pikine,DDD_Arrêt_64,514.99,463.49,WALK
7,1,Thiaroye,Gare de Dakar,10835.98,390.1,TER
7,2,Thiaroye,Colobane,9142.59,329.13,TER
7,3,Thiaroye,Hann,6959.43,250.54,TER
7,4,Thiaroye,Dalifort,5008.76,180.32,TER
7,5,Thiaroye,Baux Maraîchers,3327.01,119.77,TER
7,6,Thiaroye,Pikine,1630.54,58.7,TER
7,8,Thiaroye,Yeumbeul,2626.19,94.54,TER
7,9,Thiaroye,Keur Massar,7363.72,265.09,TER
7,10,Thiaroye,Mbao,11083.59,399.01,TER
7,11,Thiaroye,Rufisque,12764.91,459.54,TER
7,12,Thiaroye,Bargny,17598.4,633.54,TER
7,13,Thiaroye,Diamniadio,20122.43,724.41,TER
7,119,Thiaroye,DDD_Arrêt_65,336.5,302.85,WALK
7,121,Thiaroye,DDD_Arrêt_67,494.95,445.45,WALK
8,1,Yeumbeul,Gare de Dakar,12863.98,463.1,TER
8,2,Yeumbeul,Colobane,11411.31,410.81,TER
8,3,Yeumbeul,Hann,9438.61,339.79,TER
8,4,Yeumbeul,Dalifort,7533.01,271.19,TER
8,5,Yeumbeul,Baux Maraîchers,5795.04,208.62,TER
8,6,Yeumbeul,Pikine,4152.35,149.48,TER
8,7,Yeumbeul,Thiaroye,2626.19,94.54,TER
8,9,Yeumbeul,Keur Massar,5176.25,186.35,TER
8,10,Yeumbeul,Mbao,9064.99,326.34,TER
8,11,Yeumbeul,Rufisque,10761.16,387.4,TER
8,12,Yeumbeul,Bargny,15571.13,560.56,TER
8,13,Yeumbeul,Diamniadio,17840.64,642.26,TER
9,1,Keur Massar,Gare de Dakar,14943.91,537.98,TER
9,2,Keur Massar,Colobane,14207.74,511.48,TER
9,3,Keur Massar,Hann,12982.75,467.38,TER
9,4,Keur Massar,Dalifort,11377.84,409.6,TER
9,5,Keur Massar,Baux Maraîchers,9696.79,349.08,TER
9,6,Keur Massar,Pikine,8434.03,303.62,TER
9,7,Keur Massar,Thiaroye,7363.72,265.09,TER
9,8,Keur Massar,Yeumbeul,5176.25,186.35,TER
9,10,Keur Massar,Mbao,3916.07,140.98,TER
9,11,Keur Massar,Rufisque,5605.12,201.78,TER
9,12,Keur Massar,Bargny,10397.53,374.31,TER
9,13,Keur Massar,Diamniadio,12758.91,459.32,TER
10,1,Mbao,Gare de Dakar,16929.69,609.47,TER
10,2,Mbao,Colobane,16668.97,600.08,TER
10,3,Mbao,Hann,15924.12,573.27,TER
10,4,Mbao,Dalifort,14550.17,523.81,TER
10,5,Mbao,Baux Maraîchers,12988.19,467.57,TER
10,6,Mbao,Pikine,11950.88,430.23,TER
10,7,Mbao,Thiaroye,11083.59,399.01,TER
10,8,Mbao,Yeumbeul,9064.99,326.34,TER
10,9,Mbao,Keur Massar,3916.07,140.98,TER
10,11,Mbao,Rufisque,1696.58,61.08,TER
10,12,Mbao,Bargny,6524.61,234.89,TER
10,13,Mbao,Diamniadio,9244.01,332.78,TER
11,1,Rufisque,Gare de Dakar,18125.97,652.53,TER
11,2,Rufisque,Colobane,18016.69,648.6,TER
11,3,Rufisque,Hann,17414.73,626.93,TER
11,4,Rufisque,Dalifort,16107.97,579.89,TER
11,5,Rufisque,Baux Maraîchers,14581.78,524.94,TER
11,6,Rufisque,Pikine,13595.83,489.45,TER
11,7,Rufisque,Thiaroye,12764.91,459.54,TER
11,8,Rufisque,Yeumbeul,10761.16,387.4,TER
11,9,Rufisque,Keur Massar,5605.12,201.78,TER
11,10,Rufisque,Mbao,1696.58,61.08,TER
11,12,Rufisque,Bargny,4834.48,174.04,TER
11,13,Rufisque,Diamniadio,7734.04,278.43,TER
12,1,Bargny,Gare de Dakar,22160.99,797.8,TER
12,2,Bargny,Colobane,22337.07,804.13,TER
12,3,Bargny,Hann,21987.75,791.56,TER
12,4,Bargny,Dalifort,20792.35,748.52,TER
12,5,Bargny,Baux Maraîchers,19321.76,695.58,TER
12,6,Bargny,Pikine,18400.06,662.4,TER
12,7,Bargny,Thiaroye,17598.4,633.54,TER
12,8,Bargny,Yeumbeul,15571.13,560.56,TER
12,9,Bargny,Keur Massar,10397.53,374.31,TER
12,10,Bargny,Mbao,6524.61,234.89,TER
12,11,Bargny,Rufisque,4834.48,174.04,TER
12,13,Bargny,Diamniadio,3860.58,138.98,TER
13,1,Diamniadio,Gare de Dakar,25712.81,925.66,TER
13,2,Diamniadio,Colobane,25722.34,926.0,TER
13,3,Diamniadio,Hann,25142.82,905.14,TER
13,4,Diamniadio,Dalifort,23794.18,856.59,TER
13,5,Diamniadio,Baux Maraîchers,22223.21,800.04,TER
13,6,Diamniadio,Pikine,21123.52,760.45,TER
13,7,Diamniadio,Thiaroye,20122.43,724.41,TER
13,8,Diamniadio,Yeumbeul,17840.64,642.26,TER
13,9,Diamniadio,Keur Massar,12758.91,459.32,TER
13,10,Diamniadio,Mbao,9244.01,332.78,TER
13,11,Diamniadio,Rufisque,7734.04,278.43,TER
13,12,Diamniadio,Bargny,3860.58,138.98,TER
14,15,Petersen,Grande Mosquée,751.67,54.12,BRT
14,16,Petersen,Place de la Nation,2357.47,169.74,BRT
14,17,Petersen,Dial Diop,2816.67,202.8,BRT
14,1,Petersen,Gare de Dakar,688.43,619.59,WALK
14,56,Petersen,DDD_Arrêt_2,493.21,443.89,WALK
14,38,Petersen,Stade Iba Mar Diop,747.17,672.45,WALK
14,50,Petersen,Musée des Civilisations Noires,553.6,498.24,WALK
14,51,Petersen,Grand Théâtre National,490.35,441.32,WALK
15,14,Grande Mosquée,Petersen,751.67,54.12,BRT
15,16,Grande Mosquée,Place de la Nation,1612.35,116.09,BRT
15,17,Grande Mosquée,Dial Diop,2067.59,148.87,BRT
15,18,Grande Mosquée,Grand Dakar,2920.74,210.29,BRT
15,58,Grande Mosquée,DDD_Arrêt_4,780.08,702.07,WALK
15,59,Grande Mosquée,DDD_Arrêt_5,464.34,417.9,WALK
15,38,Grande Mosquée,Stade Iba Mar Diop,421.93,379.74,WALK
16,14,Place de la Nation,Petersen,2357.47,169.74,BRT
16,15,Place de la Nation,Grande Mosquée,1612.35,116.09,BRT
16,17,Place de la Nation,Dial Diop,469.56,33.81,BRT
16,18,Place de la Nation,Grand Dakar,1336.36,96.22,BRT
16,19,Place de la Nation,Liberté 1,2055.6,148.0,BRT
16,20,Place de la Nation,Sacré Cœur,2942.8,211.88,BRT
16,62,Place de la Nation,DDD_Arrêt_8,598.26,538.43,WALK
17,14,Dial Diop,Petersen,2816.67,202.8,BRT
17,15,Dial Diop,Grande Mosquée,2067.59,148.87,BRT
17,16,Dial Diop,Place de la Nation,469.56,33.81,BRT
17,18,Dial Diop,Grand Dakar,866.8,62.41,BRT
17,19,Dial Diop,Liberté 1,1586.05,114.2,BRT
17,20,Dial Diop,Sacré Cœur,2474.17,178.14,BRT
17,21,Dial Diop,Liberté 5,2717.91,195.69,BRT
17,66,Dial Diop,DDD_Arrêt_12,613.07,551.76,WALK
18,15,Grand Dakar,Grande Mosquée,2920.74,210.29,BRT
18,16,Grand Dakar,Place de la Nation,1336.36,96.22,BRT
18,17,Grand Dakar,Dial Diop,866.8,62.41,BRT
18,19,Grand Dakar,Liberté 1,719.25,51.79,BRT
18,20,Grand Dakar,Sacré Cœur,1609.95,115.92,BRT
18,21,Grand Dakar,Liberté 5,1884.08,135.65,BRT
18,22,Grand Dakar,Liberté 6,2368.81,170.55,BRT
18,66,Grand Dakar,DDD_Arrêt_12,766.47,689.82,WALK
18,67,Grand Dakar,DDD_Arrêt_13,179.57,161.62,WALK
19,16,Liberté 1,Place de la Nation,2055.6,148.0,BRT
19,17,Liberté 1,Dial Diop,1586.05,114.2,BRT
19,18,Liberté 1,Grand Dakar,719.25,51.79,BRT
19,20,Liberté 1,Sacré Cœur,896.36,64.54,BRT
19,21,Liberté 1,Liberté 5,1226.57,88.31,BRT
19,22,Liberté 1,Liberté 6,1837.88,132.33,BRT
19,23,Liberté 1,Khar Yallah,2644.09,190.37,BRT
19,67,Liberté 1,DDD_Arrêt_13,672.35,605.12,WALK
20,16,Sacré Cœur,Place de la Nation,2942.8,211.88,BRT
20,17,Sacré Cœur,Dial Diop,2474.17,178.14,BRT
20,18,Sacré Cœur,Grand Dakar,1609.95,115.92,BRT
20,19,Sacré Cœur,Liberté 1,896.36,64.54,BRT
20,21,Sacré Cœur,Liberté 5,496.25,35.73,BRT
20,22,Sacré Cœur,Liberté 6,1285.48,92.55,BRT
20,23,Sacré Cœur,Khar Yallah,2096.36,150.94,BRT
20,24,Sacré Cœur,Scat Urbam,2519.15,181.38,BRT
20,70,Sacré Cœur,DDD_Arrêt_16,791.69,712.52,WALK
20,101,Sacré Cœur,DDD_Arrêt_47,432.42,389.18,WALK
21,17,Liberté 5,Dial Diop,2717.91,195.69,BRT
21,18,Liberté 5,Grand Dakar,1884.08,135.65,BRT
21,19,Liberté 5,Liberté 1,1226.57,88.31,BRT
21,20,Liberté 5,Sacré Cœur,496.25,35.73,BRT
21,22,Liberté 5,Liberté 6,795.51,57.28,BRT
21,23,Liberté 5,Khar Yallah,1600.61,115.24,BRT
21,24,Liberté 5,Scat Urbam,2022.98,145.65,BRT
21,25,Liberté 5,Hyancinthe Thiandoum,2659.58,191.49,BRT
21,70,Liberté 5,DDD_Arrêt_16,742.63,668.37,WALK
21,101,Liberté 5,DDD_Arrêt_47,126.48,113.83,WALK
22,18,Liberté 6,Grand Dakar,2368.81,170.55,BRT
22,19,Liberté 6,Liberté 1,1837.88,132.33,BRT
22,20,Liberté 6,Sacré Cœur,1285.48,92.55,BRT
22,21,Liberté 6,Liberté 5,795.51,57.28,BRT
22,23,Liberté 6,Khar Yallah,823.01,59.26,BRT
22,24,Liberté 6,Scat Urbam,1259.8,90.71,BRT
22,25,Liberté 6,Hyancinthe Thiandoum,1883.01,135.58,BRT
22,26,Liberté 6,Grand Médine,2869.58,206.61,BRT
22,100,Liberté 6,DDD_Arrêt_46,463.94,417.55,WALK
23,19,Khar Yallah,Liberté 1,2644.09,190.37,BRT
23,20,Khar Yallah,Sacré Cœur,2096.36,150.94,BRT
23,21,Khar Yallah,Liberté 5,1600.61,115.24,BRT
23,22,Khar Yallah,Liberté 6,823.01,59.26,BRT
23,24,Khar Yallah,Scat Urbam,442.06,31.83,BRT
23,25,Khar Yallah,Hyancinthe Thiandoum,1061.02,76.39,BRT
23,26,Khar Yallah,Grand Médine,2060.84,148.38,BRT
23,27,Khar Yallah,Police Parcelles,2711.23,195.21,BRT
23,100,Khar Yallah,DDD_Arrêt_46,493.7,444.33,WALK
24,20,Scat Urbam,Sacré Cœur,2519.15,181.38,BRT
24,21,Scat Urbam,Liberté 5,2022.98,145.65,BRT
24,22,Scat Urbam,Liberté 6,1259.8,90.71,BRT
24,23,Scat Urbam,Khar Yallah,442.06,31.83,BRT
24,25,Scat Urbam,Hyancinthe Thiandoum,643.53,46.33,BRT
24,26,Scat Urbam,Grand Médine,1665.21,119.89,BRT
24,27,Scat Urbam,Police Parcelles,2335.62,168.16,BRT
24,28,Scat Urbam,Croisement 22,2988.33,215.16,BRT
25,21,Hyancinthe Thiandoum,Liberté 5,2659.58,191.49,BRT
25,22,Hyancinthe Thiandoum,Liberté 6,1883.01,135.58,BRT
25,23,Hyancinthe Thiandoum,Khar Yallah,1061.02,76.39,BRT
25,24,Hyancinthe Thiandoum,Scat Urbam,643.53,46.33,BRT
25,26,Hyancinthe Thiandoum,Grand Médine,1025.42,73.83,BRT
25,27,Hyancinthe Thiandoum,Police Parcelles,1704.77,122.74,BRT
25,28,Hyancinthe Thiandoum,Croisement 22,2365.63,170.33,BRT
25,82,Hyancinthe Thiandoum,DDD_Arrêt_28,474.69,427.22,WALK
26,22,Grand Médine,Liberté 6,2869.58,206.61,BRT
26,23,Grand Médine,Khar Yallah,2060.84,148.38,BRT
26,24,Grand Médine,Scat Urbam,1665.21,119.89,BRT
26,25,Grand Médine,Hyancinthe Thiandoum,1025.42,73.83,BRT
26,27,Grand Médine,Police Parcelles,691.01,49.75,BRT
26,28,Grand Médine,Croisement 22,1360.36,97.95,BRT
26,29,Grand Médine,Parcelles,2712.23,195.28,BRT
26,87,Grand Médine,DDD_Arrêt_33,269.19,242.27,WALK
27,23,Police Parcelles,Khar Yallah,2711.23,195.21,BRT
27,24,Police Parcelles,Scat Urbam,2335.62,168.16,BRT
27,25,Police Parcelles,Hyancinthe Thiandoum,1704.77,122.74,BRT
27,26,Police Parcelles,Grand Médine,691.01,49.75,BRT
27,28,Police Parcelles,Croisement 22,669.78,48.22,BRT
27,29,Police Parcelles,Parcelles,2027.54,145.98,BRT
27,30,Police Parcelles,Ndingala,2560.03,184.32,BRT
27,87,Police Parcelles,DDD_Arrêt_33,633.04,569.74,WALK
27,88,Police Parcelles,DDD_Arrêt_34,319.28,287.35,WALK
28,24,Croisement 22,Scat Urbam,2988.33,215.16,BRT
28,25,Croisement 22,Hyancinthe Thiandoum,2365.63,170.33,BRT
28,26,Croisement 22,Grand Médine,1360.36,97.95,BRT
28,27,Croisement 22,Police Parcelles,669.78,48.22,BRT
28,29,Croisement 22,Parcelles,1379.0,99.29,BRT
28,30,Croisement 22,Ndingala,1900.61,136.84,BRT
28,31,Croisement 22,Golf Sud,2615.62,188.32,BRT
28,88,Croisement 22,DDD_Arrêt_34,413.68,372.32,WALK
28,91,Croisement 22,DDD_Arrêt_37,709.31,638.38,WALK
29,26,Parcelles,Grand Médine,2712.23,195.28,BRT
29,27,Parcelles,Police Parcelles,2027.54,145.98,BRT
29,28,Parcelles,Croisement 22,1379.0,99.29,BRT
29,30,Parcelles,Ndingala,547.45,39.42,BRT
29,31,Parcelles,Golf Sud,1278.42,92.05,BRT
29,32,Parcelles,Dalal Jamm,2023.05,145.66,BRT
29,33,Parcelles,Fith Mith,2477.1,178.35,BRT
29,92,Parcelles,DDD_Arrêt_38,674.0,606.6,WALK
29,99,Parcelles,DDD_Arrêt_45,382.31,344.07,WALK
29,103,Parcelles,DDD_Arrêt_49,748.29,673.46,WALK
30,27,Ndingala,Police Parcelles,2560.03,184.32,BRT
30,28,Ndingala,Croisement 22,1900.61,136.84,BRT
30,29,Ndingala,Parcelles,547.45,39.42,BRT
30,31,Ndingala,Golf Sud,731.01,52.63,BRT
30,32,Ndingala,Dalal Jamm,1479.22,106.5,BRT
30,33,Ndingala,Fith Mith,1942.15,139.84,BRT
30,34,Ndingala,Golf Nord,2639.45,190.04,BRT
30,99,Ndingala,DDD_Arrêt_45,686.04,617.43,WALK
30,103,Ndingala,DDD_Arrêt_49,329.82,296.84,WALK
31,28,Golf Sud,Croisement 22,2615.62,188.32,BRT
31,29,Golf Sud,Parcelles,1278.42,92.05,BRT
31,30,Golf Sud,Ndingala,731.01,52.63,BRT
31,32,Golf Sud,Dalal Jamm,758.52,54.61,BRT
31,33,Golf Sud,Fith Mith,1240.98,89.35,BRT
31,34,Golf Sud,Golf Nord,1911.57,137.63,BRT
31,35,Golf Sud,Gueule Tapée,2493.69,179.55,BRT
31,36,Golf Sud,Préfecture de Guédiawaye,2919.38,210.2,BRT
31,103,Golf Sud,DDD_Arrêt_49,659.15,593.23,WALK
31,104,Golf Sud,DDD_Arrêt_50,198.97,179.08,WALK
32,29,Dalal Jamm,Parcelles,2023.05,145.66,BRT
32,30,Dalal Jamm,Ndingala,1479.22,106.5,BRT
32,31,Dalal Jamm,Golf Sud,758.52,54.61,BRT
32,33,Dalal Jamm,Fith Mith,497.5,35.82,BRT
32,34,Dalal Jamm,Golf Nord,1163.09,83.74,BRT
32,35,Dalal Jamm,Gueule Tapée,1780.27,128.18,BRT
32,36,Dalal Jamm,Préfecture de Guédiawaye,2278.54,164.06,BRT
32,104,Dalal Jamm,DDD_Arrêt_50,562.44,506.19,WALK
32,105,Dalal Jamm,DDD_Arrêt_51,733.1,659.79,WALK
32,106,Dalal Jamm,DDD_Arrêt_52,106.88,96.19,WALK
33,29,Fith Mith,Parcelles,2477.1,178.35,BRT
33,30,Fith Mith,Ndingala,1942.15,139.84,BRT
33,31,Fith Mith,Golf Sud,1240.98,89.35,BRT
33,32,Fith Mith,Dalal Jamm,497.5,35.82,BRT
33,34,Fith Mith,Golf Nord,774.27,55.75,BRT
33,35,Fith Mith,Gueule Tapée,1447.94,104.25,BRT
33,36,Fith Mith,Préfecture de Guédiawaye,2036.71,146.64,BRT
33,105,Fith Mith,DDD_Arrêt_51,639.95,575.95,WALK
33,106,Fith Mith,DDD_Arrêt_52,437.5,393.75,WALK
33,107,Fith Mith,DDD_Arrêt_53,698.72,628.85,WALK
34,30,Golf Nord,Ndingala,2639.45,190.04,BRT
34,31,Golf Nord,Golf Sud,1911.57,137.63,BRT
34,32,Golf Nord,Dalal Jamm,1163.09,83.74,BRT
34,33,Golf Nord,Fith Mith,774.27,55.75,BRT
34,35,Golf Nord,Gueule Tapée,682.98,49.17,BRT
34,36,Golf Nord,Préfecture de Guédiawaye,1321.55,95.15,BRT
34,107,Golf Nord,DDD_Arrêt_53,523.11,470.8,WALK
34,108,Golf Nord,DDD_Arrêt_54,406.08,365.47,WALK
35,31,Gueule Tapée,Golf Sud,2493.69,179.55,BRT
35,32,Gueule Tapée,Dalal Jamm,1780.27,128.18,BRT
35,33,Gueule Tapée,Fith Mith,1447.94,104.25,BRT
35,34,Gueule Tapée,Golf Nord,682.98,49.17,BRT
35,36,Gueule Tapée,Préfecture de Guédiawaye,686.81,49.45,BRT
35,108,Gueule Tapée,DDD_Arrêt_54,774.44,697.0,WALK
35,110,Gueule Tapée,DDD_Arrêt_56,572.35,515.11,WALK
36,31,Préfecture de Guédiawaye,Golf Sud,2919.38,210.2,BRT
36,32,Préfecture de Guédiawaye,Dalal Jamm,2278.54,164.06,BRT
36,33,Préfecture de Guédiawaye,Fith Mith,2036.71,146.64,BRT
36,34,Préfecture de Guédiawaye,Golf Nord,1321.55,95.15,BRT
36,35,Préfecture de Guédiawaye,Gueule Tapée,686.81,49.45,BRT
36,111,Préfecture de Guédiawaye,DDD_Arrêt_57,781.86,703.67,WALK
36,117,Préfecture de Guédiawaye,DDD_Arrêt_63,764.87,688.38,WALK
37,85,Plage Ouakam,DDD_Arrêt_31,263.13,236.82,WALK
38,14,Stade Iba Mar Diop,Petersen,747.17,672.45,WALK
38,15,Stade Iba Mar Diop,Grande Mosquée,421.93,379.74,WALK
38,56,Stade Iba Mar Diop,DDD_Arrêt_2,753.41,678.06,WALK
38,59,Stade Iba Mar Diop,DDD_Arrêt_5,511.78,460.6,WALK
38,60,Stade Iba Mar Diop,DDD_Arrêt_6,698.46,628.61,WALK
40,41,Université Amadou Makhtar Mbow,Stade Abdoulaye Wade,473.17,425.85,WALK
40,45,Université Amadou Makhtar Mbow,Hôtel Radisson Diamniadio,776.98,699.28,WALK
41,40,Stade Abdoulaye Wade,Université Amadou Makhtar Mbow,473.17,425.85,WALK
41,44,Stade Abdoulaye Wade,Hôtel Courtyard,633.38,570.04,WALK
42,43,Dakar Arena,Dakar Expo Centre,781.07,702.97,WALK
42,44,Dakar Arena,Hôtel Courtyard,792.45,713.21,WALK
43,42,Dakar Expo Centre,Dakar Arena,781.07,702.97,WALK
44,41,Hôtel Courtyard,Stade Abdoulaye Wade,633.38,570.04,WALK
44,42,Hôtel Courtyard,Dakar Arena,792.45,713.21,WALK
45,40,Hôtel Radisson Diamniadio,Université Amadou Makhtar Mbow,776.98,699.28,WALK
46,63,Hôtel Noom,DDD_Arrêt_9,435.15,391.64,WALK
47,48,Hôtel Terrou Bi,Hôtel Azalaï,291.56,262.41,WALK
48,47,Hôtel Azalaï,Hôtel Terrou Bi,291.56,262.41,WALK
49,55,Hôtel Pullman,DDD_Arrêt_1,445.93,401.34,WALK
49,53,Hôtel Pullman,Embarcadère Port,695.52,625.97,WALK
50,1,Musée des Civilisations Noires,Gare de Dakar,149.14,134.23,WALK
50,14,Musée des Civilisations Noires,Petersen,553.6,498.24,WALK
50,51,Musée des Civilisations Noires,Grand Théâtre National,283.22,254.9,WALK
51,1,Grand Théâtre National,Gare de Dakar,415.54,373.99,WALK
51,14,Grand Théâtre National,Petersen,490.35,441.32,WALK
51,58,Grand Théâtre National,DDD_Arrêt_4,574.87,517.38,WALK
51,50,Grand Théâtre National,Musée des Civilisations Noires,283.22,254.9,WALK
52,55,Musée Théodore Monod,DDD_Arrêt_1,732.7,659.43,WALK
52,57,Musée Théodore Monod,DDD_Arrêt_3,502.36,452.13,WALK
53,1,Embarcadère Port,Gare de Dakar,704.49,634.04,WALK
53,49,Embarcadère Port,Hôtel Pullman,695.52,625.97,WALK
55,56,DDD_Arrêt_1,DDD_Arrêt_2,1042.56,187.66,BUS
55,57,DDD_Arrêt_1,DDD_Arrêt_3,1170.18,210.63,BUS
55,58,DDD_Arrêt_1,DDD_Arrêt_4,1723.04,310.15,BUS
55,59,DDD_Arrêt_1,DDD_Arrêt_5,2168.25,390.28,BUS
55,60,DDD_Arrêt_1,DDD_Arrêt_6,1983.81,357.09,BUS
55,49,DDD_Arrêt_1,Hôtel Pullman,445.93,401.34,WALK
55,52,DDD_Arrêt_1,Musée Théodore Monod,732.7,659.43,WALK
56,55,DDD_Arrêt_2,DDD_Arrêt_1,1042.56,187.66,BUS
56,57,DDD_Arrêt_2,DDD_Arrêt_3,1727.89,311.02,BUS
56,58,DDD_Arrêt_2,DDD_Arrêt_4,1405.87,253.06,BUS
56,59,DDD_Arrêt_2,DDD_Arrêt_5,1261.69,227.1,BUS
56,60,DDD_Arrêt_2,DDD_Arrêt_6,949.51,170.91,BUS
56,61,DDD_Arrêt_2,DDD_Arrêt_7,2039.31,367.08,BUS
56,62,DDD_Arrêt_2,DDD_Arrêt_8,2258.42,406.51,BUS
56,14,DDD_Arrêt_2,Petersen,493.21,443.89,WALK
56,38,DDD_Arrêt_2,Stade Iba Mar Diop,753.41,678.06,WALK
57,55,DDD_Arrêt_3,DDD_Arrêt_1,1170.18,210.63,BUS
57,56,DDD_Arrêt_3,DDD_Arrêt_2,1727.89,311.02,BUS
57,60,DDD_Arrêt_3,DDD_Arrêt_6,2432.04,437.77,BUS
57,52,DDD_Arrêt_3,Musée Théodore Monod,502.36,452.13,WALK
58,55,DDD_Arrêt_4,DDD_Arrêt_1,1723.04,310.15,BUS
58,56,DDD_Arrêt_4,DDD_Arrêt_2,1405.87,253.06,BUS
58,59,DDD_Arrêt_4,DDD_Arrêt_5,1178.47,212.13,BUS
58,60,DDD_Arrêt_4,DDD_Arrêt_6,1856.52,334.17,BUS
58,61,DDD_Arrêt_4,DDD_Arrêt_7,2290.55,412.3,BUS
58,62,DDD_Arrêt_4,DDD_Arrêt_8,1897.71,341.59,BUS
58,64,DDD_Arrêt_4,DDD_Arrêt_10,1771.95,318.95,BUS
58,65,DDD_Arrêt_4,DDD_Arrêt_11,1930.83,347.55,BUS
58,15,DDD_Arrêt_4,Grande Mosquée,780.08,702.07,WALK
58,51,DDD_Arrêt_4,Grand Théâtre National,574.87,517.38,WALK
59,55,DDD_Arrêt_5,DDD_Arrêt_1,2168.25,390.28,BUS
59,56,DDD_Arrêt_5,DDD_Arrêt_2,1261.69,227.1,BUS
59,58,DDD_Arrêt_5,DDD_Arrêt_4,1178.47,212.13,BUS
59,60,DDD_Arrêt_5,DDD_Arrêt_6,979.73,176.35,BUS
59,61,DDD_Arrêt_5,DDD_Arrêt_7,1117.82,201.21,BUS
59,62,DDD_Arrêt_5,DDD_Arrêt_8,1006.38,181.15,BUS
59,65,DDD_Arrêt_5,DDD_Arrêt_11,2257.31,406.32,BUS
59,66,DDD_Arrêt_5,DDD_Arrêt_12,2270.36,408.67,BUS
59,15,DDD_Arrêt_5,Grande Mosquée,464.34,417.9,WALK
59,38,DDD_Arrêt_5,Stade Iba Mar Diop,511.78,460.6,WALK
60,55,DDD_Arrêt_6,DDD_Arrêt_1,1983.81,357.09,BUS
60,56,DDD_Arrêt_6,DDD_Arrêt_2,949.51,170.91,BUS
60,57,DDD_Arrêt_6,DDD_Arrêt_3,2432.04,437.77,BUS
60,58,DDD_Arrêt_6,DDD_Arrêt_4,1856.52,334.17,BUS
60,59,DDD_Arrêt_6,DDD_Arrêt_5,979.73,176.35,BUS
60,61,DDD_Arrêt_6,DDD_Arrêt_7,1204.19,216.75,BUS
60,62,DDD_Arrêt_6,DDD_Arrêt_8,1730.6,311.51,BUS
60,38,DDD_Arrêt_6,Stade Iba Mar Diop,698.46,628.61,WALK
61,56,DDD_Arrêt_7,DDD_Arrêt_2,2039.31,367.08,BUS
61,58,DDD_Arrêt_7,DDD_Arrêt_4,2290.55,412.3,BUS
61,59,DDD_Arrêt_7,DDD_Arrêt_5,1117.82,201.21,BUS
61,60,DDD_Arrêt_7,DDD_Arrêt_6,1204.19,216.75,BUS
61,62,DDD_Arrêt_7,DDD_Arrêt_8,928.45,167.12,BUS
61,63,DDD_Arrêt_7,DDD_Arrêt_9,1898.25,341.68,BUS
61,66,DDD_Arrêt_7,DDD_Arrêt_12,2315.42,416.78,BUS
61,67,DDD_Arrêt_7,DDD_Arrêt_13,2212.71,398.29,BUS
62,56,DDD_Arrêt_8,DDD_Arrêt_2,2258.42,406.51,BUS
62,58,DDD_Arrêt_8,DDD_Arrêt_4,1897.71,341.59,BUS
62,59,DDD_Arrêt_8,DDD_Arrêt_5,1006.38,181.15,BUS
62,60,DDD_Arrêt_8,DDD_Arrêt_6,1730.6,311.51,BUS
62,61,DDD_Arrêt_8,DDD_Arrêt_7,928.45,167.12,BUS
62,63,DDD_Arrêt_8,DDD_Arrêt_9,2198.48,395.73,BUS
62,65,DDD_Arrêt_8,DDD_Arrêt_11,1986.49,357.57,BUS
62,66,DDD_Arrêt_8,DDD_Arrêt_12,1443.1,259.76,BUS
62,67,DDD_Arrêt_8,DDD_Arrêt_13,1605.36,288.96,BUS
62,68,DDD_Arrêt_8,DDD_Arrêt_14,2412.1,434.18,BUS
62,16,DDD_Arrêt_8,Place de la Nation,598.26,538.43,WALK
63,61,DDD_Arrêt_9,DDD_Arrêt_7,1898.25,341.68,BUS
63,62,DDD_Arrêt_9,DDD_Arrêt_8,2198.48,395.73,BUS
63,67,DDD_Arrêt_9,DDD_Arrêt_13,1972.35,355.02,BUS
63,68,DDD_Arrêt_9,DDD_Arrêt_14,1450.61,261.11,BUS
63,69,DDD_Arrêt_9,DDD_Arrêt_15,1852.35,333.42,BUS
63,46,DDD_Arrêt_9,Hôtel Noom,435.15,391.64,WALK
64,58,DDD_Arrêt_10,DDD_Arrêt_4,1771.95,318.95,BUS
64,65,DDD_Arrêt_10,DDD_Arrêt_11,1272.27,229.01,BUS
64,72,DDD_Arrêt_10,DDD_Arrêt_18,2326.98,418.86,BUS
65,58,DDD_Arrêt_11,DDD_Arrêt_4,1930.83,347.55,BUS
65,59,DDD_Arrêt_11,DDD_Arrêt_5,2257.31,406.32,BUS
65,62,DDD_Arrêt_11,DDD_Arrêt_8,1986.49,357.57,BUS
65,64,DDD_Arrêt_11,DDD_Arrêt_10,1272.27,229.01,BUS
65,66,DDD_Arrêt_11,DDD_Arrêt_12,1359.66,244.74,BUS
65,67,DDD_Arrêt_11,DDD_Arrêt_13,2287.75,411.8,BUS
65,72,DDD_Arrêt_11,DDD_Arrêt_18,1379.58,248.32,BUS
65,73,DDD_Arrêt_11,DDD_Arrêt_19,2241.68,403.5,BUS
65,75,DDD_Arrêt_11,DDD_Arrêt_21,2348.71,422.77,BUS
65,2,DDD_Arrêt_11,Colobane,478.36,430.53,WALK
66,59,DDD_Arrêt_12,DDD_Arrêt_5,2270.36,408.67,BUS
66,61,DDD_Arrêt_12,DDD_Arrêt_7,2315.42,416.78,BUS
66,62,DDD_Arrêt_12,DDD_Arrêt_8,1443.1,259.76,BUS
66,65,DDD_Arrêt_12,DDD_Arrêt_11,1359.66,244.74,BUS
66,67,DDD_Arrêt_12,DDD_Arrêt_13,933.23,167.98,BUS
66,68,DDD_Arrêt_12,DDD_Arrêt_14,2075.41,373.57,BUS
66,71,DDD_Arrêt_12,DDD_Arrêt_17,1641.57,295.48,BUS
66,72,DDD_Arrêt_12,DDD_Arrêt_18,1562.22,281.2,BUS
66,75,DDD_Arrêt_12,DDD_Arrêt_21,1837.67,330.78,BUS
66,101,DDD_Arrêt_12,DDD_Arrêt_47,2402.99,432.54,BUS
66,17,DDD_Arrêt_12,Dial Diop,613.07,551.76,WALK
66,18,DDD_Arrêt_12,Grand Dakar,766.47,689.82,WALK
67,61,DDD_Arrêt_13,DDD_Arrêt_7,2212.71,398.29,BUS
67,62,DDD_Arrêt_13,DDD_Arrêt_8,1605.36,288.96,BUS
67,63,DDD_Arrêt_13,DDD_Arrêt_9,1972.35,355.02,BUS
67,65,DDD_Arrêt_13,DDD_Arrêt_11,2287.75,411.8,BUS
67,66,DDD_Arrêt_13,DDD_Arrêt_12,933.23,167.98,BUS
67,68,DDD_Arrêt_13,DDD_Arrêt_14,1143.87,205.9,BUS
67,69,DDD_Arrêt_13,DDD_Arrêt_15,2293.55,412.84,BUS
67,70,DDD_Arrêt_13,DDD_Arrêt_16,2353.23,423.58,BUS
67,71,DDD_Arrêt_13,DDD_Arrêt_17,1543.55,277.84,BUS
67,72,DDD_Arrêt_13,DDD_Arrêt_18,2293.87,412.9,BUS
67,75,DDD_Arrêt_13,DDD_Arrêt_21,2125.02,382.5,BUS
67,101,DDD_Arrêt_13,DDD_Arrêt_47,1903.55,342.64,BUS
67,18,DDD_Arrêt_13,Grand Dakar,179.57,161.62,WALK
67,19,DDD_Arrêt_13,Liberté 1,672.35,605.12,WALK
68,62,DDD_Arrêt_14,DDD_Arrêt_8,2412.1,434.18,BUS
68,63,DDD_Arrêt_14,DDD_Arrêt_9,1450.61,261.11,BUS
68,66,DDD_Arrêt_14,DDD_Arrêt_12,2075.41,373.57,BUS
68,67,DDD_Arrêt_14,DDD_Arrêt_13,1143.87,205.9,BUS
68,69,DDD_Arrêt_14,DDD_Arrêt_15,1155.47,207.98,BUS
68,70,DDD_Arrêt_14,DDD_Arrêt_16,1885.87,339.46,BUS
68,71,DDD_Arrêt_14,DDD_Arrêt_17,2023.23,364.18,BUS
68,85,DDD_Arrêt_14,DDD_Arrêt_31,2443.69,439.86,BUS
68,101,DDD_Arrêt_14,DDD_Arrêt_47,1743.49,313.83,BUS
69,63,DDD_Arrêt_15,DDD_Arrêt_9,1852.35,333.42,BUS
69,67,DDD_Arrêt_15,DDD_Arrêt_13,2293.55,412.84,BUS
69,68,DDD_Arrêt_15,DDD_Arrêt_14,1155.47,207.98,BUS
69,70,DDD_Arrêt_15,DDD_Arrêt_16,1899.96,341.99,BUS
69,84,DDD_Arrêt_15,DDD_Arrêt_30,2207.28,397.31,BUS
69,85,DDD_Arrêt_15,DDD_Arrêt_31,1362.17,245.19,BUS
69,101,DDD_Arrêt_15,DDD_Arrêt_47,2130.5,383.49,BUS
70,67,DDD_Arrêt_16,DDD_Arrêt_13,2353.23,423.58,BUS
70,68,DDD_Arrêt_16,DDD_Arrêt_14,1885.87,339.46,BUS
70,69,DDD_Arrêt_16,DDD_Arrêt_15,1899.96,341.99,BUS
70,71,DDD_Arrêt_16,DDD_Arrêt_17,1647.12,296.48,BUS
70,74,DDD_Arrêt_16,DDD_Arrêt_20,2291.2,412.42,BUS
70,75,DDD_Arrêt_16,DDD_Arrêt_21,2363.51,425.43,BUS
70,76,DDD_Arrêt_16,DDD_Arrêt_22,1732.25,311.81,BUS
70,79,DDD_Arrêt_16,DDD_Arrêt_25,2087.78,375.8,BUS
70,84,DDD_Arrêt_16,DDD_Arrêt_30,2192.64,394.68,BUS
70,85,DDD_Arrêt_16,DDD_Arrêt_31,2147.26,386.51,BUS
70,100,DDD_Arrêt_16,DDD_Arrêt_46,1451.28,261.23,BUS
70,101,DDD_Arrêt_16,DDD_Arrêt_47,628.6,113.15,BUS
70,20,DDD_Arrêt_16,Sacré Cœur,791.69,712.52,WALK
70,21,DDD_Arrêt_16,Liberté 5,742.63,668.37,WALK
71,66,DDD_Arrêt_17,DDD_Arrêt_12,1641.57,295.48,BUS
71,67,DDD_Arrêt_17,DDD_Arrêt_13,1543.55,277.84,BUS
71,68,DDD_Arrêt_17,DDD_Arrêt_14,2023.23,364.18,BUS
71,70,DDD_Arrêt_17,DDD_Arrêt_16,1647.12,296.48,BUS
71,72,DDD_Arrêt_17,DDD_Arrêt_18,1715.56,308.8,BUS
71,74,DDD_Arrêt_17,DDD_Arrêt_20,1307.17,235.29,BUS
71,75,DDD_Arrêt_17,DDD_Arrêt_21,839.8,151.16,BUS
71,76,DDD_Arrêt_17,DDD_Arrêt_22,2173.04,391.15,BUS
71,100,DDD_Arrêt_17,DDD_Arrêt_46,1430.92,257.57,BUS
71,101,DDD_Arrêt_17,DDD_Arrêt_47,1019.22,183.46,BUS
72,64,DDD_Arrêt_18,DDD_Arrêt_10,2326.98,418.86,BUS
72,65,DDD_Arrêt_18,DDD_Arrêt_11,1379.58,248.32,BUS
72,66,DDD_Arrêt_18,DDD_Arrêt_12,1562.22,281.2,BUS
72,67,DDD_Arrêt_18,DDD_Arrêt_13,2293.87,412.9,BUS
72,71,DDD_Arrêt_18,DDD_Arrêt_17,1715.56,308.8,BUS
72,73,DDD_Arrêt_18,DDD_Arrêt_19,1146.49,206.37,BUS
72,74,DDD_Arrêt_18,DDD_Arrêt_20,1860.7,334.93,BUS
72,75,DDD_Arrêt_18,DDD_Arrêt_21,1123.69,202.26,BUS
72,95,DDD_Arrêt_18,DDD_Arrêt_41,2247.34,404.52,BUS
73,65,DDD_Arrêt_19,DDD_Arrêt_11,2241.68,403.5,BUS
73,72,DDD_Arrêt_19,DDD_Arrêt_18,1146.49,206.37,BUS
73,74,DDD_Arrêt_19,DDD_Arrêt_20,1972.12,354.98,BUS
73,75,DDD_Arrêt_19,DDD_Arrêt_21,1685.21,303.34,BUS
73,93,DDD_Arrêt_19,DDD_Arrêt_39,1829.13,329.24,BUS
73,94,DDD_Arrêt_19,DDD_Arrêt_40,1528.73,275.17,BUS
73,95,DDD_Arrêt_19,DDD_Arrêt_41,1113.0,200.34,BUS
73,96,DDD_Arrêt_19,DDD_Arrêt_42,1798.23,323.68,BUS
73,97,DDD_Arrêt_19,DDD_Arrêt_43,2469.46,444.5,BUS
73,3,DDD_Arrêt_19,Hann,143.27,128.94,WALK
74,70,DDD_Arrêt_20,DDD_Arrêt_16,2291.2,412.42,BUS
74,71,DDD_Arrêt_20,DDD_Arrêt_17,1307.17,235.29,BUS
74,72,DDD_Arrêt_20,DDD_Arrêt_18,1860.7,334.93,BUS
74,73,DDD_Arrêt_20,DDD_Arrêt_19,1972.12,354.98,BUS
74,75,DDD_Arrêt_20,DDD_Arrêt_21,862.94,155.33,BUS
74,76,DDD_Arrêt_20,DDD_Arrêt_22,1652.51,297.45,BUS
74,82,DDD_Arrêt_20,DDD_Arrêt_28,1332.16,239.79,BUS
74,93,DDD_Arrêt_20,DDD_Arrêt_39,1849.53,332.92,BUS
74,94,DDD_Arrêt_20,DDD_Arrêt_40,2326.36,418.74,BUS
74,95,DDD_Arrêt_20,DDD_Arrêt_41,2438.78,438.98,BUS
74,100,DDD_Arrêt_20,DDD_Arrêt_46,1061.8,191.12,BUS
74,101,DDD_Arrêt_20,DDD_Arrêt_47,1821.86,327.93,BUS
75,65,DDD_Arrêt_21,DDD_Arrêt_11,2348.71,422.77,BUS
75,66,DDD_Arrêt_21,DDD_Arrêt_12,1837.67,330.78,BUS
75,67,DDD_Arrêt_21,DDD_Arrêt_13,2125.02,382.5,BUS
75,70,DDD_Arrêt_21,DDD_Arrêt_16,2363.51,425.43,BUS
75,71,DDD_Arrêt_21,DDD_Arrêt_17,839.8,151.16,BUS
75,72,DDD_Arrêt_21,DDD_Arrêt_18,1123.69,202.26,BUS
75,73,DDD_Arrêt_21,DDD_Arrêt_19,1685.21,303.34,BUS
75,74,DDD_Arrêt_21,DDD_Arrêt_20,862.94,155.33,BUS
75,76,DDD_Arrêt_21,DDD_Arrêt_22,2327.89,419.02,BUS
75,82,DDD_Arrêt_21,DDD_Arrêt_28,2154.32,387.78,BUS
75,93,DDD_Arrêt_21,DDD_Arrêt_39,2351.23,423.22,BUS
75,100,DDD_Arrêt_21,DDD_Arrêt_46,1606.05,289.09,BUS
75,101,DDD_Arrêt_21,DDD_Arrêt_47,1763.35,317.4,BUS
76,70,DDD_Arrêt_22,DDD_Arrêt_16,1732.25,311.81,BUS
76,71,DDD_Arrêt_22,DDD_Arrêt_17,2173.04,391.15,BUS
76,74,DDD_Arrêt_22,DDD_Arrêt_20,1652.51,297.45,BUS
76,75,DDD_Arrêt_22,DDD_Arrêt_21,2327.89,419.02,BUS
76,79,DDD_Arrêt_22,DDD_Arrêt_25,972.95,175.13,BUS
76,80,DDD_Arrêt_22,DDD_Arrêt_26,1259.04,226.63,BUS
76,82,DDD_Arrêt_22,DDD_Arrêt_28,1725.53,310.6,BUS
76,87,DDD_Arrêt_22,DDD_Arrêt_33,2481.27,446.63,BUS
76,100,DDD_Arrêt_22,DDD_Arrêt_46,752.3,135.41,BUS
76,101,DDD_Arrêt_22,DDD_Arrêt_47,1759.78,316.76,BUS
77,78,DDD_Arrêt_23,DDD_Arrêt_24,2396.46,431.36,BUS
77,83,DDD_Arrêt_23,DDD_Arrêt_29,774.33,139.38,BUS
77,86,DDD_Arrêt_23,DDD_Arrêt_32,2310.11,415.82,BUS
78,77,DDD_Arrêt_24,DDD_Arrêt_23,2396.46,431.36,BUS
78,79,DDD_Arrêt_24,DDD_Arrêt_25,2287.76,411.8,BUS
78,83,DDD_Arrêt_24,DDD_Arrêt_29,2096.31,377.34,BUS
78,84,DDD_Arrêt_24,DDD_Arrêt_30,2492.98,448.74,BUS
79,70,DDD_Arrêt_25,DDD_Arrêt_16,2087.78,375.8,BUS
79,76,DDD_Arrêt_25,DDD_Arrêt_22,972.95,175.13,BUS
79,78,DDD_Arrêt_25,DDD_Arrêt_24,2287.76,411.8,BUS
79,80,DDD_Arrêt_25,DDD_Arrêt_26,1110.87,199.96,BUS
79,82,DDD_Arrêt_25,DDD_Arrêt_28,2479.06,446.23,BUS
79,100,DDD_Arrêt_25,DDD_Arrêt_46,1678.13,302.06,BUS
79,101,DDD_Arrêt_25,DDD_Arrêt_47,2374.24,427.36,BUS
80,76,DDD_Arrêt_26,DDD_Arrêt_22,1259.04,226.63,BUS
80,79,DDD_Arrêt_26,DDD_Arrêt_25,1110.87,199.96,BUS
80,81,DDD_Arrêt_26,DDD_Arrêt_27,1756.54,316.18,BUS
80,82,DDD_Arrêt_26,DDD_Arrêt_28,1822.71,328.09,BUS
80,87,DDD_Arrêt_26,DDD_Arrêt_33,1885.78,339.44,BUS
80,89,DDD_Arrêt_26,DDD_Arrêt_35,2493.79,448.88,BUS
80,100,DDD_Arrêt_26,DDD_Arrêt_46,1943.14,349.77,BUS
81,80,DDD_Arrêt_27,DDD_Arrêt_26,1756.54,316.18,BUS
81,82,DDD_Arrêt_27,DDD_Arrêt_28,2281.51,410.67,BUS
81,87,DDD_Arrêt_27,DDD_Arrêt_33,1309.8,235.76,BUS
81,88,DDD_Arrêt_27,DDD_Arrêt_34,1722.41,310.03,BUS
81,89,DDD_Arrêt_27,DDD_Arrêt_35,1086.13,195.5,BUS
81,90,DDD_Arrêt_27,DDD_Arrêt_36,1597.84,287.61,BUS
81,91,DDD_Arrêt_27,DDD_Arrêt_37,2168.18,390.27,BUS
82,74,DDD_Arrêt_28,DDD_Arrêt_20,1332.16,239.79,BUS
82,75,DDD_Arrêt_28,DDD_Arrêt_21,2154.32,387.78,BUS
82,76,DDD_Arrêt_28,DDD_Arrêt_22,1725.53,310.6,BUS
82,79,DDD_Arrêt_28,DDD_Arrêt_25,2479.06,446.23,BUS
82,80,DDD_Arrêt_28,DDD_Arrêt_26,1822.71,328.09,BUS
82,81,DDD_Arrêt_28,DDD_Arrêt_27,2281.51,410.67,BUS
82,87,DDD_Arrêt_28,DDD_Arrêt_33,1184.75,213.26,BUS
82,88,DDD_Arrêt_28,DDD_Arrêt_34,1844.52,332.01,BUS
82,89,DDD_Arrêt_28,DDD_Arrêt_35,2148.88,386.8,BUS
82,93,DDD_Arrêt_28,DDD_Arrêt_39,1240.0,223.2,BUS
82,94,DDD_Arrêt_28,DDD_Arrêt_40,1987.67,357.78,BUS
82,95,DDD_Arrêt_28,DDD_Arrêt_41,2402.15,432.39,BUS
82,100,DDD_Arrêt_28,DDD_Arrêt_46,1702.8,306.5,BUS
82,25,DDD_Arrêt_28,Hyancinthe Thiandoum,474.69,427.22,WALK
83,77,DDD_Arrêt_29,DDD_Arrêt_23,774.33,139.38,BUS
83,78,DDD_Arrêt_29,DDD_Arrêt_24,2096.31,377.34,BUS
83,84,DDD_Arrêt_29,DDD_Arrêt_30,2304.26,414.77,BUS
83,86,DDD_Arrêt_29,DDD_Arrêt_32,1551.1,279.2,BUS
84,69,DDD_Arrêt_30,DDD_Arrêt_15,2207.28,397.31,BUS
84,70,DDD_Arrêt_30,DDD_Arrêt_16,2192.64,394.68,BUS
84,78,DDD_Arrêt_30,DDD_Arrêt_24,2492.98,448.74,BUS
84,83,DDD_Arrêt_30,DDD_Arrêt_29,2304.26,414.77,BUS
84,85,DDD_Arrêt_30,DDD_Arrêt_31,980.38,176.47,BUS
84,86,DDD_Arrêt_30,DDD_Arrêt_32,1038.55,186.94,BUS
85,68,DDD_Arrêt_31,DDD_Arrêt_14,2443.69,439.86,BUS
85,69,DDD_Arrêt_31,DDD_Arrêt_15,1362.17,245.19,BUS
85,70,DDD_Arrêt_31,DDD_Arrêt_16,2147.26,386.51,BUS
85,84,DDD_Arrêt_31,DDD_Arrêt_30,980.38,176.47,BUS
85,86,DDD_Arrêt_31,DDD_Arrêt_32,1577.44,283.94,BUS
85,37,DDD_Arrêt_31,Plage Ouakam,263.13,236.82,WALK
86,77,DDD_Arrêt_32,DDD_Arrêt_23,2310.11,415.82,BUS
86,83,DDD_Arrêt_32,DDD_Arrêt_29,1551.1,279.2,BUS
86,84,DDD_Arrêt_32,DDD_Arrêt_30,1038.55,186.94,BUS
86,85,DDD_Arrêt_32,DDD_Arrêt_31,1577.44,283.94,BUS
87,76,DDD_Arrêt_33,DDD_Arrêt_22,2481.27,446.63,BUS
87,80,DDD_Arrêt_33,DDD_Arrêt_26,1885.78,339.44,BUS
87,81,DDD_Arrêt_33,DDD_Arrêt_27,1309.8,235.76,BUS
87,82,DDD_Arrêt_33,DDD_Arrêt_28,1184.75,213.26,BUS
87,88,DDD_Arrêt_33,DDD_Arrêt_34,880.73,158.53,BUS
87,89,DDD_Arrêt_33,DDD_Arrêt_35,967.8,174.2,BUS
87,90,DDD_Arrêt_33,DDD_Arrêt_36,1633.71,294.07,BUS
87,91,DDD_Arrêt_33,DDD_Arrêt_37,1779.18,320.25,BUS
87,93,DDD_Arrêt_33,DDD_Arrêt_39,1691.84,304.53,BUS
87,94,DDD_Arrêt_33,DDD_Arrêt_40,2379.39,428.29,BUS
87,97,DDD_Arrêt_33,DDD_Arrêt_43,2416.17,434.91,BUS
87,26,DDD_Arrêt_33,Grand Médine,269.19,242.27,WALK
87,27,DDD_Arrêt_33,Police Parcelles,633.04,569.74,WALK
88,81,DDD_Arrêt_34,DDD_Arrêt_27,1722.41,310.03,BUS
88,82,DDD_Arrêt_34,DDD_Arrêt_28,1844.52,332.01,BUS
88,87,DDD_Arrêt_34,DDD_Arrêt_33,880.73,158.53,BUS
88,89,DDD_Arrêt_34,DDD_Arrêt_35,747.29,134.51,BUS
88,90,DDD_Arrêt_34,DDD_Arrêt_36,1073.97,193.31,BUS
88,91,DDD_Arrêt_34,DDD_Arrêt_37,949.59,170.93,BUS
88,92,DDD_Arrêt_34,DDD_Arrêt_38,1838.61,330.95,BUS
88,93,DDD_Arrêt_34,DDD_Arrêt_39,1748.53,314.73,BUS
88,94,DDD_Arrêt_34,DDD_Arrêt_40,2227.75,400.99,BUS
88,97,DDD_Arrêt_34,DDD_Arrêt_43,1908.42,343.51,BUS
88,99,DDD_Arrêt_34,DDD_Arrêt_45,1660.39,298.87,BUS
88,103,DDD_Arrêt_34,DDD_Arrêt_49,2460.28,442.85,BUS
88,27,DDD_Arrêt_34,Police Parcelles,319.28,287.35,WALK
88,28,DDD_Arrêt_34,Croisement 22,413.68,372.32,WALK
89,80,DDD_Arrêt_35,DDD_Arrêt_26,2493.79,448.88,BUS
89,81,DDD_Arrêt_35,DDD_Arrêt_27,1086.13,195.5,BUS
89,82,DDD_Arrêt_35,DDD_Arrêt_28,2148.88,386.8,BUS
89,87,DDD_Arrêt_35,DDD_Arrêt_33,967.8,174.2,BUS
89,88,DDD_Arrêt_35,DDD_Arrêt_34,747.29,134.51,BUS
89,90,DDD_Arrêt_35,DDD_Arrêt_36,702.23,126.4,BUS
89,91,DDD_Arrêt_35,DDD_Arrêt_37,1106.17,199.11,BUS
89,92,DDD_Arrêt_35,DDD_Arrêt_38,1764.75,317.65,BUS
89,93,DDD_Arrêt_35,DDD_Arrêt_39,2394.04,430.93,BUS
89,99,DDD_Arrêt_35,DDD_Arrêt_45,2008.64,361.55,BUS
90,81,DDD_Arrêt_36,DDD_Arrêt_27,1597.84,287.61,BUS
90,87,DDD_Arrêt_36,DDD_Arrêt_33,1633.71,294.07,BUS
90,88,DDD_Arrêt_36,DDD_Arrêt_34,1073.97,193.31,BUS
90,89,DDD_Arrêt_36,DDD_Arrêt_35,702.23,126.4,BUS
90,91,DDD_Arrêt_36,DDD_Arrêt_37,698.71,125.77,BUS
90,92,DDD_Arrêt_36,DDD_Arrêt_38,1087.42,195.74,BUS
90,99,DDD_Arrêt_36,DDD_Arrêt_45,1572.85,283.11,BUS
90,103,DDD_Arrêt_36,DDD_Arrêt_49,1952.04,351.37,BUS
91,81,DDD_Arrêt_37,DDD_Arrêt_27,2168.18,390.27,BUS
91,87,DDD_Arrêt_37,DDD_Arrêt_33,1779.18,320.25,BUS
91,88,DDD_Arrêt_37,DDD_Arrêt_34,949.59,170.93,BUS
91,89,DDD_Arrêt_37,DDD_Arrêt_35,1106.17,199.11,BUS
91,90,DDD_Arrêt_37,DDD_Arrêt_36,698.71,125.77,BUS
91,92,DDD_Arrêt_37,DDD_Arrêt_38,907.32,163.32,BUS
91,97,DDD_Arrêt_37,DDD_Arrêt_43,2163.72,389.47,BUS
91,99,DDD_Arrêt_37,DDD_Arrêt_45,913.88,164.5,BUS
91,103,DDD_Arrêt_37,DDD_Arrêt_49,1534.98,276.3,BUS
91,104,DDD_Arrêt_37,DDD_Arrêt_50,2305.01,414.9,BUS
91,28,DDD_Arrêt_37,Croisement 22,709.31,638.38,WALK
92,88,DDD_Arrêt_38,DDD_Arrêt_34,1838.61,330.95,BUS
92,89,DDD_Arrêt_38,DDD_Arrêt_35,1764.75,317.65,BUS
92,90,DDD_Arrêt_38,DDD_Arrêt_36,1087.42,195.74,BUS
92,91,DDD_Arrêt_38,DDD_Arrêt_37,907.32,163.32,BUS
92,99,DDD_Arrêt_38,DDD_Arrêt_45,1046.05,188.29,BUS
92,103,DDD_Arrêt_38,DDD_Arrêt_49,912.66,164.28,BUS
92,104,DDD_Arrêt_38,DDD_Arrêt_50,1746.16,314.31,BUS
92,105,DDD_Arrêt_38,DDD_Arrêt_51,2165.76,389.84,BUS
92,106,DDD_Arrêt_38,DDD_Arrêt_52,2321.6,417.89,BUS
92,29,DDD_Arrêt_38,Parcelles,674.0,606.6,WALK
93,73,DDD_Arrêt_39,DDD_Arrêt_19,1829.13,329.24,BUS
93,74,DDD_Arrêt_39,DDD_Arrêt_20,1849.53,332.92,BUS
93,75,DDD_Arrêt_39,DDD_Arrêt_21,2351.23,423.22,BUS
93,82,DDD_Arrêt_39,DDD_Arrêt_28,1240.0,223.2,BUS
93,87,DDD_Arrêt_39,DDD_Arrêt_33,1691.84,304.53,BUS
93,88,DDD_Arrêt_39,DDD_Arrêt_34,1748.53,314.73,BUS
93,89,DDD_Arrêt_39,DDD_Arrêt_35,2394.04,430.93,BUS
93,94,DDD_Arrêt_39,DDD_Arrêt_40,761.51,137.07,BUS
93,95,DDD_Arrêt_39,DDD_Arrêt_41,1261.37,227.05,BUS
93,96,DDD_Arrêt_39,DDD_Arrêt_42,1519.92,273.59,BUS
93,97,DDD_Arrêt_39,DDD_Arrêt_43,1359.13,244.64,BUS
93,98,DDD_Arrêt_39,DDD_Arrêt_44,2392.09,430.58,BUS
94,73,DDD_Arrêt_40,DDD_Arrêt_19,1528.73,275.17,BUS
94,74,DDD_Arrêt_40,DDD_Arrêt_20,2326.36,418.74,BUS
94,82,DDD_Arrêt_40,DDD_Arrêt_28,1987.67,357.78,BUS
94,87,DDD_Arrêt_40,DDD_Arrêt_33,2379.39,428.29,BUS
94,88,DDD_Arrêt_40,DDD_Arrêt_34,2227.75,400.99,BUS
94,93,DDD_Arrêt_40,DDD_Arrêt_39,761.51,137.07,BUS
94,95,DDD_Arrêt_40,DDD_Arrêt_41,590.85,106.35,BUS
94,96,DDD_Arrêt_40,DDD_Arrêt_42,776.74,139.81,BUS
94,97,DDD_Arrêt_40,DDD_Arrêt_43,984.9,177.28,BUS
94,98,DDD_Arrêt_40,DDD_Arrêt_44,1722.57,310.06,BUS
94,102,DDD_Arrêt_40,DDD_Arrêt_48,2451.48,441.27,BUS
95,72,DDD_Arrêt_41,DDD_Arrêt_18,2247.34,404.52,BUS
95,73,DDD_Arrêt_41,DDD_Arrêt_19,1113.0,200.34,BUS
95,74,DDD_Arrêt_41,DDD_Arrêt_20,2438.78,438.98,BUS
95,82,DDD_Arrêt_41,DDD_Arrêt_28,2402.15,432.39,BUS
95,93,DDD_Arrêt_41,DDD_Arrêt_39,1261.37,227.05,BUS
95,94,DDD_Arrêt_41,DDD_Arrêt_40,590.85,106.35,BUS
95,96,DDD_Arrêt_41,DDD_Arrêt_42,705.83,127.05,BUS
95,97,DDD_Arrêt_41,DDD_Arrêt_43,1386.38,249.55,BUS
95,98,DDD_Arrêt_41,DDD_Arrêt_44,1686.94,303.65,BUS
96,73,DDD_Arrêt_42,DDD_Arrêt_19,1798.23,323.68,BUS
96,93,DDD_Arrêt_42,DDD_Arrêt_39,1519.92,273.59,BUS
96,94,DDD_Arrêt_42,DDD_Arrêt_40,776.74,139.81,BUS
96,95,DDD_Arrêt_42,DDD_Arrêt_41,705.83,127.05,BUS
96,97,DDD_Arrêt_42,DDD_Arrêt_43,910.14,163.83,BUS
96,98,DDD_Arrêt_42,DDD_Arrêt_44,1001.05,180.19,BUS
96,102,DDD_Arrêt_42,DDD_Arrêt_48,1828.89,329.2,BUS
96,4,DDD_Arrêt_42,Dalifort,401.78,361.6,WALK
97,73,DDD_Arrêt_43,DDD_Arrêt_19,2469.46,444.5,BUS
97,87,DDD_Arrêt_43,DDD_Arrêt_33,2416.17,434.91,BUS
97,88,DDD_Arrêt_43,DDD_Arrêt_34,1908.42,343.51,BUS
97,91,DDD_Arrêt_43,DDD_Arrêt_37,2163.72,389.47,BUS
97,93,DDD_Arrêt_43,DDD_Arrêt_39,1359.13,244.64,BUS
97,94,DDD_Arrêt_43,DDD_Arrêt_40,984.9,177.28,BUS
97,95,DDD_Arrêt_43,DDD_Arrêt_41,1386.38,249.55,BUS
97,96,DDD_Arrêt_43,DDD_Arrêt_42,910.14,163.83,BUS
97,98,DDD_Arrêt_43,DDD_Arrêt_44,1232.85,221.91,BUS
97,99,DDD_Arrêt_43,DDD_Arrêt_45,1948.0,350.64,BUS
97,102,DDD_Arrêt_43,DDD_Arrêt_48,1672.36,301.02,BUS
98,93,DDD_Arrêt_44,DDD_Arrêt_39,2392.09,430.58,BUS
98,94,DDD_Arrêt_44,DDD_Arrêt_40,1722.57,310.06,BUS
98,95,DDD_Arrêt_44,DDD_Arrêt_41,1686.94,303.65,BUS
98,96,DDD_Arrêt_44,DDD_Arrêt_42,1001.05,180.19,BUS
98,97,DDD_Arrêt_44,DDD_Arrêt_43,1232.85,221.91,BUS
98,102,DDD_Arrêt_44,DDD_Arrêt_48,896.5,161.37,BUS
98,115,DDD_Arrêt_44,DDD_Arrêt_61,2041.38,367.45,BUS
98,4,DDD_Arrêt_44,Dalifort,621.16,559.04,WALK
99,88,DDD_Arrêt_45,DDD_Arrêt_34,1660.39,298.87,BUS
99,89,DDD_Arrêt_45,DDD_Arrêt_35,2008.64,361.55,BUS
99,90,DDD_Arrêt_45,DDD_Arrêt_36,1572.85,283.11,BUS
99,91,DDD_Arrêt_45,DDD_Arrêt_37,913.88,164.5,BUS
99,92,DDD_Arrêt_45,DDD_Arrêt_38,1046.05,188.29,BUS
99,97,DDD_Arrêt_45,DDD_Arrêt_43,1948.0,350.64,BUS
99,102,DDD_Arrêt_45,DDD_Arrêt_48,2354.4,423.79,BUS
99,103,DDD_Arrêt_45,DDD_Arrêt_49,982.68,176.88,BUS
99,104,DDD_Arrêt_45,DDD_Arrêt_50,1554.78,279.86,BUS
99,105,DDD_Arrêt_45,DDD_Arrêt_51,2406.38,433.15,BUS
99,106,DDD_Arrêt_45,DDD_Arrêt_52,2206.4,397.15,BUS
99,115,DDD_Arrêt_45,DDD_Arrêt_61,2237.26,402.71,BUS
99,29,DDD_Arrêt_45,Parcelles,382.31,344.07,WALK
99,30,DDD_Arrêt_45,Ndingala,686.04,617.43,WALK
100,70,DDD_Arrêt_46,DDD_Arrêt_16,1451.28,261.23,BUS
100,71,DDD_Arrêt_46,DDD_Arrêt_17,1430.92,257.57,BUS
100,74,DDD_Arrêt_46,DDD_Arrêt_20,1061.8,191.12,BUS
100,75,DDD_Arrêt_46,DDD_Arrêt_21,1606.05,289.09,BUS
100,76,DDD_Arrêt_46,DDD_Arrêt_22,752.3,135.41,BUS
100,79,DDD_Arrêt_46,DDD_Arrêt_25,1678.13,302.06,BUS
100,80,DDD_Arrêt_46,DDD_Arrêt_26,1943.14,349.77,BUS
100,82,DDD_Arrêt_46,DDD_Arrêt_28,1702.8,306.5,BUS
100,101,DDD_Arrêt_46,DDD_Arrêt_47,1224.41,220.39,BUS
100,22,DDD_Arrêt_46,Liberté 6,463.94,417.55,WALK
100,23,DDD_Arrêt_46,Khar Yallah,493.7,444.33,WALK
101,66,DDD_Arrêt_47,DDD_Arrêt_12,2402.99,432.54,BUS
101,67,DDD_Arrêt_47,DDD_Arrêt_13,1903.55,342.64,BUS
101,68,DDD_Arrêt_47,DDD_Arrêt_14,1743.49,313.83,BUS
101,69,DDD_Arrêt_47,DDD_Arrêt_15,2130.5,383.49,BUS
101,70,DDD_Arrêt_47,DDD_Arrêt_16,628.6,113.15,BUS
101,71,DDD_Arrêt_47,DDD_Arrêt_17,1019.22,183.46,BUS
101,74,DDD_Arrêt_47,DDD_Arrêt_20,1821.86,327.93,BUS
101,75,DDD_Arrêt_47,DDD_Arrêt_21,1763.35,317.4,BUS
101,76,DDD_Arrêt_47,DDD_Arrêt_22,1759.78,316.76,BUS
101,79,DDD_Arrêt_47,DDD_Arrêt_25,2374.24,427.36,BUS
101,100,DDD_Arrêt_47,DDD_Arrêt_46,1224.41,220.39,BUS
101,20,DDD_Arrêt_47,Sacré Cœur,432.42,389.18,WALK
101,21,DDD_Arrêt_47,Liberté 5,126.48,113.83,WALK
102,94,DDD_Arrêt_48,DDD_Arrêt_40,2451.48,441.27,BUS
102,96,DDD_Arrêt_48,DDD_Arrêt_42,1828.89,329.2,BUS
102,97,DDD_Arrêt_48,DDD_Arrêt_43,1672.36,301.02,BUS
102,98,DDD_Arrêt_48,DDD_Arrêt_44,896.5,161.37,BUS
102,99,DDD_Arrêt_48,DDD_Arrêt_45,2354.4,423.79,BUS
102,115,DDD_Arrêt_48,DDD_Arrêt_61,1151.51,207.27,BUS
102,116,DDD_Arrêt_48,DDD_Arrêt_62,2229.41,401.29,BUS
102,118,DDD_Arrêt_48,DDD_Arrêt_64,2158.32,388.5,BUS
102,5,DDD_Arrêt_48,Baux Maraîchers,695.95,626.36,WALK
103,88,DDD_Arrêt_49,DDD_Arrêt_34,2460.28,442.85,BUS
103,90,DDD_Arrêt_49,DDD_Arrêt_36,1952.04,351.37,BUS
103,91,DDD_Arrêt_49,DDD_Arrêt_37,1534.98,276.3,BUS
103,92,DDD_Arrêt_49,DDD_Arrêt_38,912.66,164.28,BUS
103,99,DDD_Arrêt_49,DDD_Arrêt_45,982.68,176.88,BUS
103,104,DDD_Arrêt_49,DDD_Arrêt_50,834.71,150.25,BUS
103,105,DDD_Arrêt_49,DDD_Arrêt_51,1452.81,261.51,BUS
103,106,DDD_Arrêt_49,DDD_Arrêt_52,1435.35,258.36,BUS
103,107,DDD_Arrêt_49,DDD_Arrêt_53,2162.68,389.28,BUS
103,115,DDD_Arrêt_49,DDD_Arrêt_61,2407.84,433.41,BUS
103,116,DDD_Arrêt_49,DDD_Arrêt_62,2313.61,416.45,BUS
103,29,DDD_Arrêt_49,Parcelles,748.29,673.46,WALK
103,30,DDD_Arrêt_49,Ndingala,329.82,296.84,WALK
103,31,DDD_Arrêt_49,Golf Sud,659.15,593.23,WALK
104,91,DDD_Arrêt_50,DDD_Arrêt_37,2305.01,414.9,BUS
104,92,DDD_Arrêt_50,DDD_Arrêt_38,1746.16,314.31,BUS
104,99,DDD_Arrêt_50,DDD_Arrêt_45,1554.78,279.86,BUS
104,103,DDD_Arrêt_50,DDD_Arrêt_49,834.71,150.25,BUS
104,105,DDD_Arrêt_50,DDD_Arrêt_51,1038.32,186.9,BUS
104,106,DDD_Arrêt_50,DDD_Arrêt_52,652.5,117.45,BUS
104,107,DDD_Arrêt_50,DDD_Arrêt_53,1339.31,241.08,BUS
104,108,DDD_Arrêt_50,DDD_Arrêt_54,1997.74,359.59,BUS
104,115,DDD_Arrêt_50,DDD_Arrêt_61,1966.79,354.02,BUS
104,116,DDD_Arrêt_50,DDD_Arrêt_62,1578.43,284.12,BUS
104,117,DDD_Arrêt_50,DDD_Arrêt_63,2448.01,440.64,BUS
104,31,DDD_Arrêt_50,Golf Sud,198.97,179.08,WALK
104,32,DDD_Arrêt_50,Dalal Jamm,562.44,506.19,WALK
105,92,DDD_Arrêt_51,DDD_Arrêt_38,2165.76,389.84,BUS
105,99,DDD_Arrêt_51,DDD_Arrêt_45,2406.38,433.15,BUS
105,103,DDD_Arrêt_51,DDD_Arrêt_49,1452.81,261.51,BUS
105,104,DDD_Arrêt_51,DDD_Arrêt_50,1038.32,186.9,BUS
105,106,DDD_Arrêt_51,DDD_Arrêt_52,775.53,139.6,BUS
105,107,DDD_Arrêt_51,DDD_Arrêt_53,1332.52,239.85,BUS
105,108,DDD_Arrêt_51,DDD_Arrêt_54,1442.56,259.66,BUS
105,109,DDD_Arrêt_51,DDD_Arrêt_55,2208.58,397.54,BUS
105,110,DDD_Arrêt_51,DDD_Arrêt_56,2292.33,412.62,BUS
105,116,DDD_Arrêt_51,DDD_Arrêt_62,2209.44,397.7,BUS
105,32,DDD_Arrêt_51,Dalal Jamm,733.1,659.79,WALK
105,33,DDD_Arrêt_51,Fith Mith,639.95,575.95,WALK
106,92,DDD_Arrêt_52,DDD_Arrêt_38,2321.6,417.89,BUS
106,99,DDD_Arrêt_52,DDD_Arrêt_45,2206.4,397.15,BUS
106,103,DDD_Arrêt_52,DDD_Arrêt_49,1435.35,258.36,BUS
106,104,DDD_Arrêt_52,DDD_Arrêt_50,652.5,117.45,BUS
106,105,DDD_Arrêt_52,DDD_Arrêt_51,775.53,139.6,BUS
106,107,DDD_Arrêt_52,DDD_Arrêt_53,749.98,135.0,BUS
106,108,DDD_Arrêt_52,DDD_Arrêt_54,1347.98,242.64,BUS
106,109,DDD_Arrêt_52,DDD_Arrêt_55,2194.34,394.98,BUS
106,110,DDD_Arrêt_52,DDD_Arrêt_56,2084.61,375.23,BUS
106,115,DDD_Arrêt_52,DDD_Arrêt_61,2162.18,389.19,BUS
106,116,DDD_Arrêt_52,DDD_Arrêt_62,1434.65,258.24,BUS
106,117,DDD_Arrêt_52,DDD_Arrêt_63,2018.64,363.36,BUS
106,32,DDD_Arrêt_52,Dalal Jamm,106.88,96.19,WALK
106,33,DDD_Arrêt_52,Fith Mith,437.5,393.75,WALK
107,103,DDD_Arrêt_53,DDD_Arrêt_49,2162.68,389.28,BUS
107,104,DDD_Arrêt_53,DDD_Arrêt_50,1339.31,241.08,BUS
107,105,DDD_Arrêt_53,DDD_Arrêt_51,1332.52,239.85,BUS
107,106,DDD_Arrêt_53,DDD_Arrêt_52,749.98,135.0,BUS
107,108,DDD_Arrêt_53,DDD_Arrêt_54,924.08,166.33,BUS
107,109,DDD_Arrêt_53,DDD_Arrêt_55,1699.2,305.86,BUS
107,110,DDD_Arrêt_53,DDD_Arrêt_56,1450.53,261.09,BUS
107,111,DDD_Arrêt_53,DDD_Arrêt_57,1878.36,338.1,BUS
107,112,DDD_Arrêt_53,DDD_Arrêt_58,2378.52,428.13,BUS
107,115,DDD_Arrêt_53,DDD_Arrêt_61,2178.64,392.16,BUS
107,116,DDD_Arrêt_53,DDD_Arrêt_62,1179.6,212.33,BUS
107,117,DDD_Arrêt_53,DDD_Arrêt_63,1344.83,242.07,BUS
107,118,DDD_Arrêt_53,DDD_Arrêt_64,2131.48,383.67,BUS
107,119,DDD_Arrêt_53,DDD_Arrêt_65,2262.27,407.21,BUS
107,33,DDD_Arrêt_53,Fith Mith,698.72,628.85,WALK
107,34,DDD_Arrêt_53,Golf Nord,523.11,470.8,WALK
108,104,DDD_Arrêt_54,DDD_Arrêt_50,1997.74,359.59,BUS
108,105,DDD_Arrêt_54,DDD_Arrêt_51,1442.56,259.66,BUS
108,106,DDD_Arrêt_54,DDD_Arrêt_52,1347.98,242.64,BUS
108,107,DDD_Arrêt_54,DDD_Arrêt_53,924.08,166.33,BUS
108,109,DDD_Arrêt_54,DDD_Arrêt_55,846.38,152.35,BUS
108,110,DDD_Arrêt_54,DDD_Arrêt_56,853.15,153.57,BUS
108,111,DDD_Arrêt_54,DDD_Arrêt_57,1485.88,267.46,BUS
108,112,DDD_Arrêt_54,DDD_Arrêt_58,2091.96,376.55,BUS
108,113,DDD_Arrêt_54,DDD_Arrêt_59,2474.35,445.38,BUS
108,116,DDD_Arrêt_54,DDD_Arrêt_62,2071.62,372.89,BUS
108,117,DDD_Arrêt_54,DDD_Arrêt_63,1824.61,328.43,BUS
108,34,DDD_Arrêt_54,Golf Nord,406.08,365.47,WALK
108,35,DDD_Arrêt_54,Gueule Tapée,774.44,697.0,WALK
109,105,DDD_Arrêt_55,DDD_Arrêt_51,2208.58,397.54,BUS
109,106,DDD_Arrêt_55,DDD_Arrêt_52,2194.34,394.98,BUS
109,107,DDD_Arrêt_55,DDD_Arrêt_53,1699.2,305.86,BUS
109,108,DDD_Arrêt_55,DDD_Arrêt_54,846.38,152.35,BUS
109,110,DDD_Arrêt_55,DDD_Arrêt_56,553.39,99.61,BUS
109,111,DDD_Arrêt_55,DDD_Arrêt_57,1107.72,199.39,BUS
109,112,DDD_Arrêt_55,DDD_Arrêt_58,1692.4,304.63,BUS
109,113,DDD_Arrêt_55,DDD_Arrêt_59,1748.2,314.68,BUS
109,114,DDD_Arrêt_55,DDD_Arrêt_60,2408.02,433.44,BUS
109,117,DDD_Arrêt_55,DDD_Arrêt_63,2166.41,389.95,BUS
110,105,DDD_Arrêt_56,DDD_Arrêt_51,2292.33,412.62,BUS
110,106,DDD_Arrêt_56,DDD_Arrêt_52,2084.61,375.23,BUS
110,107,DDD_Arrêt_56,DDD_Arrêt_53,1450.53,261.09,BUS
110,108,DDD_Arrêt_56,DDD_Arrêt_54,853.15,153.57,BUS
110,109,DDD_Arrêt_56,DDD_Arrêt_55,553.39,99.61,BUS
110,111,DDD_Arrêt_56,DDD_Arrêt_57,659.98,118.8,BUS
110,112,DDD_Arrêt_56,DDD_Arrêt_58,1275.19,229.53,BUS
110,113,DDD_Arrêt_56,DDD_Arrêt_59,1652.12,297.38,BUS
110,114,DDD_Arrêt_56,DDD_Arrêt_60,2109.63,379.73,BUS
110,116,DDD_Arrêt_56,DDD_Arrêt_62,2347.81,422.61,BUS
110,117,DDD_Arrêt_56,DDD_Arrêt_63,1642.36,295.62,BUS
110,119,DDD_Arrêt_56,DDD_Arrêt_65,2272.63,409.07,BUS
110,120,DDD_Arrêt_56,DDD_Arrêt_66,2141.45,385.46,BUS
110,35,DDD_Arrêt_56,Gueule Tapée,572.35,515.11,WALK
111,107,DDD_Arrêt_57,DDD_Arrêt_53,1878.36,338.1,BUS
111,108,DDD_Arrêt_57,DDD_Arrêt_54,1485.88,267.46,BUS
111,109,DDD_Arrêt_57,DDD_Arrêt_55,1107.72,199.39,BUS
111,110,DDD_Arrêt_57,DDD_Arrêt_56,659.98,118.8,BUS
111,112,DDD_Arrêt_57,DDD_Arrêt_58,615.23,110.74,BUS
111,113,DDD_Arrêt_57,DDD_Arrêt_59,1232.44,221.84,BUS
111,114,DDD_Arrêt_57,DDD_Arrêt_60,1482.56,266.86,BUS
111,117,DDD_Arrêt_57,DDD_Arrêt_63,1546.45,278.36,BUS
111,119,DDD_Arrêt_57,DDD_Arrêt_65,1917.66,345.18,BUS
111,120,DDD_Arrêt_57,DDD_Arrêt_66,1512.61,272.27,BUS
111,126,DDD_Arrêt_57,DDD_Arrêt_72,2464.52,443.61,BUS
111,36,DDD_Arrêt_57,Préfecture de Guédiawaye,781.86,703.67,WALK
112,107,DDD_Arrêt_58,DDD_Arrêt_53,2378.52,428.13,BUS
112,108,DDD_Arrêt_58,DDD_Arrêt_54,2091.96,376.55,BUS
112,109,DDD_Arrêt_58,DDD_Arrêt_55,1692.4,304.63,BUS
112,110,DDD_Arrêt_58,DDD_Arrêt_56,1275.19,229.53,BUS
112,111,DDD_Arrêt_58,DDD_Arrêt_57,615.23,110.74,BUS
112,113,DDD_Arrêt_58,DDD_Arrêt_59,1077.09,193.88,BUS
112,114,DDD_Arrêt_58,DDD_Arrêt_60,935.55,168.4,BUS
112,117,DDD_Arrêt_58,DDD_Arrêt_63,1706.49,307.17,BUS
112,119,DDD_Arrêt_58,DDD_Arrêt_65,1760.5,316.89,BUS
112,120,DDD_Arrêt_58,DDD_Arrêt_66,968.56,174.34,BUS
112,121,DDD_Arrêt_58,DDD_Arrêt_67,2453.05,441.55,BUS
112,126,DDD_Arrêt_58,DDD_Arrêt_72,1937.15,348.69,BUS
112,127,DDD_Arrêt_58,DDD_Arrêt_73,1995.68,359.22,BUS
113,108,DDD_Arrêt_59,DDD_Arrêt_54,2474.35,445.38,BUS
113,109,DDD_Arrêt_59,DDD_Arrêt_55,1748.2,314.68,BUS
113,110,DDD_Arrêt_59,DDD_Arrêt_56,1652.12,297.38,BUS
113,111,DDD_Arrêt_59,DDD_Arrêt_57,1232.44,221.84,BUS
113,112,DDD_Arrêt_59,DDD_Arrêt_58,1077.09,193.88,BUS
113,114,DDD_Arrêt_59,DDD_Arrêt_60,952.49,171.45,BUS
113,120,DDD_Arrêt_59,DDD_Arrêt_66,1825.46,328.58,BUS
113,127,DDD_Arrêt_59,DDD_Arrêt_73,2249.76,404.96,BUS
114,109,DDD_Arrêt_60,DDD_Arrêt_55,2408.02,433.44,BUS
114,110,DDD_Arrêt_60,DDD_Arrêt_56,2109.63,379.73,BUS
114,111,DDD_Arrêt_60,DDD_Arrêt_57,1482.56,266.86,BUS
114,112,DDD_Arrêt_60,DDD_Arrêt_58,935.55,168.4,BUS
114,113,DDD_Arrêt_60,DDD_Arrêt_59,952.49,171.45,BUS
114,119,DDD_Arrêt_60,DDD_Arrêt_65,2366.88,426.04,BUS
114,120,DDD_Arrêt_60,DDD_Arrêt_66,1096.58,197.38,BUS
114,126,DDD_Arrêt_60,DDD_Arrêt_72,1845.54,332.2,BUS
114,127,DDD_Arrêt_60,DDD_Arrêt_73,1313.27,236.39,BUS
115,98,DDD_Arrêt_61,DDD_Arrêt_44,2041.38,367.45,BUS
115,99,DDD_Arrêt_61,DDD_Arrêt_45,2237.26,402.71,BUS
115,102,DDD_Arrêt_61,DDD_Arrêt_48,1151.51,207.27,BUS
115,103,DDD_Arrêt_61,DDD_Arrêt_49,2407.84,433.41,BUS
115,104,DDD_Arrêt_61,DDD_Arrêt_50,1966.79,354.02,BUS
115,106,DDD_Arrêt_61,DDD_Arrêt_52,2162.18,389.19,BUS
115,107,DDD_Arrêt_61,DDD_Arrêt_53,2178.64,392.16,BUS
115,116,DDD_Arrêt_61,DDD_Arrêt_62,1078.55,194.14,BUS
115,117,DDD_Arrêt_61,DDD_Arrêt_63,2106.71,379.21,BUS
115,118,DDD_Arrêt_61,DDD_Arrêt_64,1252.6,225.47,BUS
115,121,DDD_Arrêt_61,DDD_Arrêt_67,2367.67,426.18,BUS
116,102,DDD_Arrêt_62,DDD_Arrêt_48,2229.41,401.29,BUS
116,103,DDD_Arrêt_62,DDD_Arrêt_49,2313.61,416.45,BUS
116,104,DDD_Arrêt_62,DDD_Arrêt_50,1578.43,284.12,BUS
116,105,DDD_Arrêt_62,DDD_Arrêt_51,2209.44,397.7,BUS
116,106,DDD_Arrêt_62,DDD_Arrêt_52,1434.65,258.24,BUS
116,107,DDD_Arrêt_62,DDD_Arrêt_53,1179.6,212.33,BUS
116,108,DDD_Arrêt_62,DDD_Arrêt_54,2071.62,372.89,BUS
116,110,DDD_Arrêt_62,DDD_Arrêt_56,2347.81,422.61,BUS
116,115,DDD_Arrêt_62,DDD_Arrêt_61,1078.55,194.14,BUS
116,117,DDD_Arrêt_62,DDD_Arrêt_63,1160.49,208.89,BUS
116,118,DDD_Arrêt_62,DDD_Arrêt_64,1088.96,196.01,BUS
116,119,DDD_Arrêt_62,DDD_Arrêt_65,1844.06,331.93,BUS
116,121,DDD_Arrêt_62,DDD_Arrêt_67,2006.5,361.17,BUS
117,104,DDD_Arrêt_63,DDD_Arrêt_50,2448.01,440.64,BUS
117,106,DDD_Arrêt_63,DDD_Arrêt_52,2018.64,363.36,BUS
117,107,DDD_Arrêt_63,DDD_Arrêt_53,1344.83,242.07,BUS
117,108,DDD_Arrêt_63,DDD_Arrêt_54,1824.61,328.43,BUS
117,109,DDD_Arrêt_63,DDD_Arrêt_55,2166.41,389.95,BUS
117,110,DDD_Arrêt_63,DDD_Arrêt_56,1642.36,295.62,BUS
117,111,DDD_Arrêt_63,DDD_Arrêt_57,1546.45,278.36,BUS
117,112,DDD_Arrêt_63,DDD_Arrêt_58,1706.49,307.17,BUS
117,115,DDD_Arrêt_63,DDD_Arrêt_61,2106.71,379.21,BUS
117,116,DDD_Arrêt_63,DDD_Arrêt_62,1160.49,208.89,BUS
117,118,DDD_Arrêt_63,DDD_Arrêt_64,1287.96,231.83,BUS
117,119,DDD_Arrêt_63,DDD_Arrêt_65,917.45,165.14,BUS
117,120,DDD_Arrêt_63,DDD_Arrêt_66,1809.17,325.65,BUS
117,121,DDD_Arrêt_63,DDD_Arrêt_67,1439.26,259.07,BUS
117,122,DDD_Arrêt_63,DDD_Arrêt_68,2168.29,390.29,BUS
117,126,DDD_Arrêt_63,DDD_Arrêt_72,2347.44,422.54,BUS
117,36,DDD_Arrêt_63,Préfecture de Guédiawaye,764.87,688.38,WALK
118,102,DDD_Arrêt_64,DDD_Arrêt_48,2158.32,388.5,BUS
118,107,DDD_Arrêt_64,DDD_Arrêt_53,2131.48,383.67,BUS
118,115,DDD_Arrêt_64,DDD_Arrêt_61,1252.6,225.47,BUS
118,116,DDD_Arrêt_64,DDD_Arrêt_62,1088.96,196.01,BUS
118,117,DDD_Arrêt_64,DDD_Arrêt_63,1287.96,231.83,BUS
118,119,DDD_Arrêt_64,DDD_Arrêt_65,1333.4,240.01,BUS
118,121,DDD_Arrêt_64,DDD_Arrêt_67,1117.45,201.14,BUS
118,122,DDD_Arrêt_64,DDD_Arrêt_68,1667.33,300.12,BUS
118,123,DDD_Arrêt_64,DDD_Arrêt_69,2088.8,375.98,BUS
118,6,DDD_Arrêt_64,Pikine,514.99,463.49,WALK
119,107,DDD_Arrêt_65,DDD_Arrêt_53,2262.27,407.21,BUS
119,110,DDD_Arrêt_65,DDD_Arrêt_56,2272.63,409.07,BUS
119,111,DDD_Arrêt_65,DDD_Arrêt_57,1917.66,345.18,BUS
119,112,DDD_Arrêt_65,DDD_Arrêt_58,1760.5,316.89,BUS
119,114,DDD_Arrêt_65,DDD_Arrêt_60,2366.88,426.04,BUS
119,116,DDD_Arrêt_65,DDD_Arrêt_62,1844.06,331.93,BUS
119,117,DDD_Arrêt_65,DDD_Arrêt_63,917.45,165.14,BUS
119,118,DDD_Arrêt_65,DDD_Arrêt_64,1333.4,240.01,BUS
119,120,DDD_Arrêt_65,DDD_Arrêt_66,1346.83,242.43,BUS
119,121,DDD_Arrêt_65,DDD_Arrêt_67,710.38,127.87,BUS
119,122,DDD_Arrêt_65,DDD_Arrêt_68,1362.35,245.22,BUS
119,123,DDD_Arrêt_65,DDD_Arrêt_69,1983.08,356.95,BUS
119,125,DDD_Arrêt_65,DDD_Arrêt_71,2108.28,379.49,BUS
119,126,DDD_Arrêt_65,DDD_Arrêt_72,1550.76,279.14,BUS
119,7,DDD_Arrêt_65,Thiaroye,336.5,302.85,WALK
120,110,DDD_Arrêt_66,DDD_Arrêt_56,2141.45,385.46,BUS
120,111,DDD_Arrêt_66,DDD_Arrêt_57,1512.61,272.27,BUS
120,112,DDD_Arrêt_66,DDD_Arrêt_58,968.56,174.34,BUS
120,113,DDD_Arrêt_66,DDD_Arrêt_59,1825.46,328.58,BUS
120,114,DDD_Arrêt_66,DDD_Arrêt_60,1096.58,197.38,BUS
120,117,DDD_Arrêt_66,DDD_Arrêt_63,1809.17,325.65,BUS
120,119,DDD_Arrêt_66,DDD_Arrêt_65,1346.83,242.43,BUS
120,121,DDD_Arrêt_66,DDD_Arrêt_67,1895.33,341.16,BUS
120,122,DDD_Arrêt_66,DDD_Arrêt_68,2249.32,404.88,BUS
120,125,DDD_Arrêt_66,DDD_Arrêt_71,1916.44,344.96,BUS
120,126,DDD_Arrêt_66,DDD_Arrêt_72,968.59,174.35,BUS
120,127,DDD_Arrêt_66,DDD_Arrêt_73,1359.24,244.66,BUS
121,112,DDD_Arrêt_67,DDD_Arrêt_58,2453.05,441.55,BUS
121,115,DDD_Arrêt_67,DDD_Arrêt_61,2367.67,426.18,BUS
121,116,DDD_Arrêt_67,DDD_Arrêt_62,2006.5,361.17,BUS
121,117,DDD_Arrêt_67,DDD_Arrêt_63,1439.26,259.07,BUS
121,118,DDD_Arrêt_67,DDD_Arrêt_64,1117.45,201.14,BUS
121,119,DDD_Arrêt_67,DDD_Arrêt_65,710.38,127.87,BUS
121,120,DDD_Arrêt_67,DDD_Arrêt_66,1895.33,341.16,BUS
121,122,DDD_Arrêt_67,DDD_Arrêt_68,732.03,131.77,BUS
121,123,DDD_Arrêt_67,DDD_Arrêt_69,1327.58,238.96,BUS
121,125,DDD_Arrêt_67,DDD_Arrêt_71,1966.52,353.97,BUS
121,126,DDD_Arrêt_67,DDD_Arrêt_72,1744.54,314.02,BUS
121,7,DDD_Arrêt_67,Thiaroye,494.95,445.45,WALK
122,117,DDD_Arrêt_68,DDD_Arrêt_63,2168.29,390.29,BUS
122,118,DDD_Arrêt_68,DDD_Arrêt_64,1667.33,300.12,BUS
122,119,DDD_Arrêt_68,DDD_Arrêt_65,1362.35,245.22,BUS
122,120,DDD_Arrêt_68,DDD_Arrêt_66,2249.32,404.88,BUS
122,121,DDD_Arrêt_68,DDD_Arrêt_67,732.03,131.77,BUS
122,123,DDD_Arrêt_68,DDD_Arrêt_69,621.63,111.89,BUS
122,124,DDD_Arrêt_68,DDD_Arrêt_70,2175.47,391.59,BUS
122,125,DDD_Arrêt_68,DDD_Arrêt_71,1599.32,287.88,BUS
122,126,DDD_Arrêt_68,DDD_Arrêt_72,1759.67,316.74,BUS
123,118,DDD_Arrêt_69,DDD_Arrêt_64,2088.8,375.98,BUS
123,119,DDD_Arrêt_69,DDD_Arrêt_65,1983.08,356.95,BUS
123,121,DDD_Arrêt_69,DDD_Arrêt_67,1327.58,238.96,BUS
123,122,DDD_Arrêt_69,DDD_Arrêt_68,621.63,111.89,BUS
123,124,DDD_Arrêt_69,DDD_Arrêt_70,1960.54,352.9,BUS
123,125,DDD_Arrêt_69,DDD_Arrêt_71,1749.07,314.83,BUS
123,126,DDD_Arrêt_69,DDD_Arrêt_72,2182.49,392.85,BUS
124,122,DDD_Arrêt_70,DDD_Arrêt_68,2175.47,391.59,BUS
124,123,DDD_Arrêt_70,DDD_Arrêt_69,1960.54,352.9,BUS
124,125,DDD_Arrêt_70,DDD_Arrêt_71,1163.73,209.47,BUS
124,126,DDD_Arrêt_70,DDD_Arrêt_72,2113.66,380.46,BUS
125,119,DDD_Arrêt_71,DDD_Arrêt_65,2108.28,379.49,BUS
125,120,DDD_Arrêt_71,DDD_Arrêt_66,1916.44,344.96,BUS
125,121,DDD_Arrêt_71,DDD_Arrêt_67,1966.52,353.97,BUS
125,122,DDD_Arrêt_71,DDD_Arrêt_68,1599.32,287.88,BUS
125,123,DDD_Arrêt_71,DDD_Arrêt_69,1749.07,314.83,BUS
125,124,DDD_Arrêt_71,DDD_Arrêt_70,1163.73,209.47,BUS
125,126,DDD_Arrêt_71,DDD_Arrêt_72,952.59,171.47,BUS
125,127,DDD_Arrêt_71,DDD_Arrêt_73,1865.62,335.81,BUS
126,111,DDD_Arrêt_72,DDD_Arrêt_57,2464.52,443.61,BUS
126,112,DDD_Arrêt_72,DDD_Arrêt_58,1937.15,348.69,BUS
126,114,DDD_Arrêt_72,DDD_Arrêt_60,1845.54,332.2,BUS
126,117,DDD_Arrêt_72,DDD_Arrêt_63,2347.44,422.54,BUS
126,119,DDD_Arrêt_72,DDD_Arrêt_65,1550.76,279.14,BUS
126,120,DDD_Arrêt_72,DDD_Arrêt_66,968.59,174.35,BUS
126,121,DDD_Arrêt_72,DDD_Arrêt_67,1744.54,314.02,BUS
126,122,DDD_Arrêt_72,DDD_Arrêt_68,1759.67,316.74,BUS
126,123,DDD_Arrêt_72,DDD_Arrêt_69,2182.49,392.85,BUS
126,124,DDD_Arrêt_72,DDD_Arrêt_70,2113.66,380.46,BUS
126,125,DDD_Arrêt_72,DDD_Arrêt_71,952.59,171.47,BUS
126,127,DDD_Arrêt_72,DDD_Arrêt_73,1260.36,226.86,BUS
127,112,DDD_Arrêt_73,DDD_Arrêt_58,1995.68,359.22,BUS
127,113,DDD_Arrêt_73,DDD_Arrêt_59,2249.76,404.96,BUS
127,114,DDD_Arrêt_73,DDD_Arrêt_60,1313.27,236.39,BUS
127,120,DDD_Arrêt_73,DDD_Arrêt_66,1359.24,244.66,BUS
127,125,DDD_Arrêt_73,DDD_Arrêt_71,1865.62,335.81,BUS
127,126,DDD_Arrêt_73,DDD_Arrêt_72,1260.36,226.86,BUS
128,129,DDD_Arrêt_74,DDD_Arrêt_75,1545.85,278.25,BUS
128,130,DDD_Arrêt_74,DDD_Arrêt_76,2077.9,374.02,BUS
128,131,DDD_Arrêt_74,DDD_Arrêt_77,1776.49,319.77,BUS
128,132,DDD_Arrêt_74,DDD_Arrêt_78,1975.62,355.61,BUS
128,133,DDD_Arrêt_74,DDD_Arrêt_79,1080.11,194.42,BUS
128,134,DDD_Arrêt_74,DDD_Arrêt_80,580.55,104.5,BUS
128,135,DDD_Arrêt_74,DDD_Arrêt_81,1284.82,231.27,BUS
128,136,DDD_Arrêt_74,DDD_Arrêt_82,1435.16,258.33,BUS
129,128,DDD_Arrêt_75,DDD_Arrêt_74,1545.85,278.25,BUS
129,130,DDD_Arrêt_75,DDD_Arrêt_76,1155.11,207.92,BUS
129,131,DDD_Arrêt_75,DDD_Arrêt_77,1562.19,281.19,BUS
129,132,DDD_Arrêt_75,DDD_Arrêt_78,1164.79,209.66,BUS
129,133,DDD_Arrêt_75,DDD_Arrêt_79,1681.17,302.61,BUS
129,134,DDD_Arrêt_75,DDD_Arrêt_80,1817.0,327.06,BUS
129,135,DDD_Arrêt_75,DDD_Arrêt_81,2422.28,436.01,BUS
129,136,DDD_Arrêt_75,DDD_Arrêt_82,1237.47,222.74,BUS
130,128,DDD_Arrêt_76,DDD_Arrêt_74,2077.9,374.02,BUS
130,129,DDD_Arrêt_76,DDD_Arrêt_75,1155.11,207.92,BUS
130,132,DDD_Arrêt_76,DDD_Arrêt_78,2307.05,415.27,BUS
130,134,DDD_Arrêt_76,DDD_Arrêt_80,2011.97,362.16,BUS
130,135,DDD_Arrêt_76,DDD_Arrêt_81,2328.84,419.19,BUS
130,136,DDD_Arrêt_76,DDD_Arrêt_82,796.19,143.31,BUS
131,128,DDD_Arrêt_77,DDD_Arrêt_74,1776.49,319.77,BUS
131,129,DDD_Arrêt_77,DDD_Arrêt_75,1562.19,281.19,BUS
131,132,DDD_Arrêt_77,DDD_Arrêt_78,664.59,119.63,BUS
131,133,DDD_Arrêt_77,DDD_Arrêt_79,871.43,156.86,BUS
131,134,DDD_Arrêt_77,DDD_Arrêt_80,2340.56,421.3,BUS
132,128,DDD_Arrêt_78,DDD_Arrêt_74,1975.62,355.61,BUS
132,129,DDD_Arrêt_78,DDD_Arrêt_75,1164.79,209.66,BUS
132,130,DDD_Arrêt_78,DDD_Arrêt_76,2307.05,415.27,BUS
132,131,DDD_Arrêt_78,DDD_Arrêt_77,664.59,119.63,BUS
132,133,DDD_Arrêt_78,DDD_Arrêt_79,1364.84,245.67,BUS
132,134,DDD_Arrêt_78,DDD_Arrêt_80,2472.6,445.07,BUS
132,136,DDD_Arrêt_78,DDD_Arrêt_82,2337.8,420.8,BUS
133,128,DDD_Arrêt_79,DDD_Arrêt_74,1080.11,194.42,BUS
133,129,DDD_Arrêt_79,DDD_Arrêt_75,1681.17,302.61,BUS
133,131,DDD_Arrêt_79,DDD_Arrêt_77,871.43,156.86,BUS
133,132,DDD_Arrêt_79,DDD_Arrêt_78,1364.84,245.67,BUS
133,134,DDD_Arrêt_79,DDD_Arrêt_80,1658.56,298.54,BUS
133,135,DDD_Arrêt_79,DDD_Arrêt_81,2345.5,422.19,BUS
133,136,DDD_Arrêt_79,DDD_Arrêt_82,2249.38,404.89,BUS
134,128,DDD_Arrêt_80,DDD_Arrêt_74,580.55,104.5,BUS
134,129,DDD_Arrêt_80,DDD_Arrêt_75,1817.0,327.06,BUS
134,130,DDD_Arrêt_80,DDD_Arrêt_76,2011.97,362.16,BUS
134,131,DDD_Arrêt_80,DDD_Arrêt_77,2340.56,421.3,BUS
134,132,DDD_Arrêt_80,DDD_Arrêt_78,2472.6,445.07,BUS
134,133,DDD_Arrêt_80,DDD_Arrêt_79,1658.56,298.54,BUS
134,135,DDD_Arrêt_80,DDD_Arrêt_81,716.37,128.95,BUS
134,136,DDD_Arrêt_80,DDD_Arrêt_82,1248.38,224.71,BUS
135,128,DDD_Arrêt_81,DDD_Arrêt_74,1284.82,231.27,BUS
135,129,DDD_Arrêt_81,DDD_Arrêt_75,2422.28,436.01,BUS
135,130,DDD_Arrêt_81,DDD_Arrêt_76,2328.84,419.19,BUS
135,133,DDD_Arrêt_81,DDD_Arrêt_79,2345.5,422.19,BUS
135,134,DDD_Arrêt_81,DDD_Arrêt_80,716.37,128.95,BUS
135,136,DDD_Arrêt_81,DDD_Arrêt_82,1535.92,276.47,BUS
136,128,DDD_Arrêt_82,DDD_Arrêt_74,1435.16,258.33,BUS
136,129,DDD_Arrêt_82,DDD_Arrêt_75,1237.47,222.74,BUS
136,130,DDD_Arrêt_82,DDD_Arrêt_76,796.19,143.31,BUS
136,132,DDD_Arrêt_82,DDD_Arrêt_78,2337.8,420.8,BUS
136,133,DDD_Arrêt_82,DDD_Arrêt_79,2249.38,404.89,BUS
136,134,DDD_Arrêt_82,DDD_Arrêt_80,1248.38,224.71,BUS
136,135,DDD_Arrêt_82,DDD_Arrêt_81,1535.92,276.47,BUS
